preculture,volume,day,observed,predicted
3,5,0.0,0.15,0.15068623827636618
3,5,4.0,0.075,0.12903022291723526
3,5,8.0,0.073,0.11327914397879499
3,5,12.0,0.05,0.10161968973298532
3,5,16.0,0.05,0.0927272024980223
3,5,21.0,0.05,0.08419302481323346
3,25,0.0,0.15,0.1508290141583411
3,25,4.0,0.145,0.13991856036107606
3,25,8.0,0.078,0.13176949218837936
3,25,12.0,0.063,0.12543177219672863
3,25,16.0,0.055,0.12021149694980787
3,25,21.0,0.06,0.1145526729755361
3,50,0.0,0.15,0.1508169581084687
3,50,4.0,0.14,0.14401736300098358
3,50,8.0,0.175,0.1392681871005661
3,50,12.0,0.095,0.1357220217670587
3,50,16.0,0.1,0.1330615075268542
3,50,21.0,0.105,0.13035062326481114
3,100,0.0,0.15,0.1507235731904957
3,100,4.0,0.198,0.1469098674835956
3,100,8.0,0.17,0.1450943546019102
3,100,12.0,0.17,0.14451308745941843
3,100,16.0,0.2,0.14556522930908686
3,100,21.0,0.198,0.14874549065240947
10,5,0.0,0.07,0.07892110269566027
10,5,5.0,0.052,0.06973756474330822
10,5,9.0,0.043,0.06478570299544308
10,5,13.0,0.045,0.061078725648821726
10,5,18.0,0.044,0.05756695119147309
10,5,25.0,0.046,0.05395397676385884
10,25,0.0,0.07,0.0789067049468547
10,25,5.0,0.098,0.07668405313202153
10,25,9.0,0.132,0.07576710725531242
10,25,13.0,0.055,0.07508600714616867
10,25,18.0,0.05,0.07422702670071307
10,25,25.0,0.052,0.07261917559298908
10,50,0.0,0.07,0.07901770987793418
10,50,5.0,0.155,0.07938052180492043
10,50,9.0,0.164,0.08013926602509298
10,50,13.0,0.1,0.08073928529657268
10,50,18.0,0.064,0.08054664166773602
10,50,25.0,0.063,0.07775068096840462
10,100,0.0,0.07,0.07896537559097128
10,100,5.0,0.14,0.08128505043133791
10,100,9.0,0.19,0.08359999292590442
10,100,13.0,0.23,0.08564117401807309
10,100,18.0,0.235,0.0872595426986804
10,100,25.0,0.14,0.08709791014868644
