preculture,volume,day,bin,observed,predicted
3,5,0.0,0,0.0,0.0
3,5,0.0,1,0.0,0.0
3,5,0.0,2,0.2361641221374046,0.2361641221374045
3,5,0.0,3,0.43072519083969474,0.43072519083969457
3,5,0.0,4,0.30429389312977106,0.304293893129771
3,5,0.0,5,0.028816793893129772,0.028816793893129765
3,5,0.0,6,0.0,0.0
3,5,0.0,7,0.0,0.0
3,5,0.0,8,0.0,0.0
3,5,0.0,9,0.0,0.0
3,5,0.0,10,0.0,0.0
3,5,0.0,11,0.0,0.0
3,5,0.0,12,0.0,0.0
3,5,4.0,0,0.0,4.293304870785285e-05
3,5,4.0,1,0.34489383215369057,0.3781799942706583
3,5,4.0,2,0.593427704752275,0.4722495546518619
3,5,4.0,3,0.06167846309403438,0.11908799894575436
3,5,4.0,4,0.0,0.026820600391233157
3,5,4.0,5,0.0,0.0034091938583898024
3,5,4.0,6,0.0,0.00020948926015966867
3,5,4.0,7,0.0,2.3557112629059966e-07
3,5,4.0,8,0.0,2.1090390601451306e-12
3,5,4.0,9,0.0,1.3761981318634562e-18
3,5,4.0,10,0.0,1.6676736871186005e-25
3,5,4.0,11,0.0,5.8517867814696876e-33
3,5,4.0,12,0.0,7.251610905434525e-41
3,5,16.0,0,0.0,0.0005934686012941413
3,5,16.0,1,0.831394182547643,0.8313845027467484
3,5,16.0,2,0.16098294884653963,0.16488495219135585
3,5,16.0,3,0.007622868605817453,0.0029228930849078565
3,5,16.0,4,0.0,0.00019794725669085254
3,5,16.0,5,0.0,1.5157755212717552e-05
3,5,16.0,6,0.0,1.0244408965703446e-06
3,5,16.0,7,0.0,5.263476496487056e-08
3,5,16.0,8,0.0,1.2789568659036624e-09
3,5,16.0,9,0.0,9.151567631287812e-12
3,5,16.0,10,0.0,2.100836194432727e-14
3,5,16.0,11,0.0,1.9525572880023137e-17
3,5,16.0,12,0.0,8.717891962204051e-21
3,25,0.0,0,0.0,0.0
3,25,0.0,1,0.0,0.0
3,25,0.0,2,0.2353053435114504,0.23530534351145047
3,25,0.0,3,0.4297709923664123,0.4297709923664124
3,25,0.0,4,0.3059160305343511,0.3059160305343512
3,25,0.0,5,0.029007633587786262,0.029007633587786266
3,25,0.0,6,0.0,0.0
3,25,0.0,7,0.0,0.0
3,25,0.0,8,0.0,0.0
3,25,0.0,9,0.0,0.0
3,25,0.0,10,0.0,0.0
3,25,0.0,11,0.0,0.0
3,25,0.0,12,0.0,0.0
3,25,4.0,0,0.0,3.560581988136852e-06
3,25,4.0,1,0.045362903225806446,0.10768240658052226
3,25,4.0,2,0.38699596774193545,0.3897721705263244
3,25,4.0,3,0.3073588709677419,0.291749222015515
3,25,4.0,4,0.1655241935483871,0.15175115507516015
3,25,4.0,5,0.08679435483870968,0.05226741912631538
3,25,4.0,6,0.007963709677419354,0.00640071623204606
3,25,4.0,7,0.0,0.0003720158815569285
3,25,4.0,8,0.0,1.333486824286261e-06
3,25,4.0,9,0.0,4.93708156180773e-10
3,25,4.0,10,0.0,3.8090745999661437e-14
3,25,4.0,11,0.0,9.081840330209658e-19
3,25,4.0,12,0.0,8.085241505658538e-24
3,25,16.0,0,0.0,4.7554649414071136e-05
3,25,16.0,1,0.6770310932798396,0.3473512320404652
3,25,16.0,2,0.2981945837512538,0.4721626962127526
3,25,16.0,3,0.024774322968906724,0.12487253233739044
3,25,16.0,4,0.0,0.03832994415280023
3,25,16.0,5,0.0,0.012169777268684859
3,25,16.0,6,0.0,0.003722712128885445
3,25,16.0,7,0.0,0.0010390608687034385
3,25,16.0,8,0.0,0.0002466196888465915
3,25,16.0,9,0.0,4.88917879511044e-05
3,25,16.0,10,0.0,7.966260405330115e-06
3,25,16.0,11,0.0,9.37036592016461e-07
3,25,16.0,12,0.0,7.556710811633645e-08
3,50,0.0,0,0.0,0.0
3,50,0.0,1,0.0,0.0
3,50,0.0,2,0.23470757430488975,0.23470757430488978
3,50,0.0,3,0.4307766059443912,0.4307766059443913
3,50,0.0,4,0.3055608820709492,0.3055608820709493
3,50,0.0,5,0.028954937679769893,0.028954937679769897
3,50,0.0,6,0.0,0.0
3,50,0.0,7,0.0,0.0
3,50,0.0,8,0.0,0.0
3,50,0.0,9,0.0,0.0
3,50,0.0,10,0.0,0.0
3,50,0.0,11,0.0,0.0
3,50,0.0,12,0.0,0.0
3,50,4.0,0,0.0,1.4205645871777867e-06
3,50,4.0,1,0.0685279187817259,0.06464987965162132
3,50,4.0,2,0.427005076142132,0.3228240551989287
3,50,4.0,3,0.3197969543147208,0.3118281587575294
3,50,4.0,4,0.13543147208121828,0.19992505763647245
3,50,4.0,5,0.029949238578680204,0.0857271651919163
3,50,4.0,6,0.01756345177664975,0.013755506551688099
3,50,4.0,7,0.0017258883248730966,0.0012740628045034075
3,50,4.0,8,0.0,1.4673159924705885e-05
3,50,4.0,9,0.0,2.0476559634095e-08
3,50,4.0,10,0.0,6.268188571918364e-12
3,50,4.0,11,0.0,6.095277943624539e-16
3,50,4.0,12,0.0,2.2630907210605002e-20
3,50,16.0,0,0.0,1.6559820722310132e-05
3,50,16.0,1,0.022153846153846152,0.1987293081069808
3,50,16.0,2,0.7224615384615385,0.43689933991427116
3,50,16.0,3,0.23784615384615382,0.2036315768994211
3,50,16.0,4,0.017538461538461537,0.09169323585912122
3,50,16.0,5,0.0,0.04089503865736852
3,50,16.0,6,0.0,0.017516651359145964
3,50,16.0,7,0.0,0.007017975231989347
3,50,16.0,8,0.0,0.0025436898487082786
3,50,16.0,9,0.0,0.0007896803897478103
3,50,16.0,10,0.0,0.00020913642208153212
3,50,16.0,11,0.0,4.7771043161206624e-05
3,50,16.0,12,0.0,1.0036447281245363e-05
3,100,0.0,0,0.0,0.0
3,100,0.0,1,0.0,0.0
3,100,0.0,2,0.23553008595988537,0.23553008595988537
3,100,0.0,3,0.43104106972301814,0.43104106972301814
3,100,0.0,4,0.3045845272206304,0.3045845272206304
3,100,0.0,5,0.028844317096466093,0.028844317096466093
3,100,0.0,6,0.0,0.0
3,100,0.0,7,0.0,0.0
3,100,0.0,8,0.0,0.0
3,100,0.0,9,0.0,0.0
3,100,0.0,10,0.0,0.0
3,100,0.0,11,0.0,0.0
3,100,0.0,12,0.0,0.0
3,100,4.0,0,0.0,7.438855803459527e-07
3,100,4.0,1,0.0,0.04496883105585371
3,100,4.0,2,0.1594450373532551,0.2799117668686668
3,100,4.0,3,0.268409818569904,0.313104629074787
3,100,4.0,4,0.3169690501600854,0.22775989574902847
3,100,4.0,5,0.2328708644610459,0.11009986707952742
3,100,4.0,6,0.022305229455709716,0.02166079580219589
3,100,4.0,7,0.0,0.0024391985057617546
3,100,4.0,8,0.0,5.4106531855063076e-05
3,100,4.0,9,0.0,1.6533139355715136e-07
3,100,4.0,10,0.0,1.1532384366822377e-10
3,100,4.0,11,0.0,2.608927378588252e-14
3,100,4.0,12,0.0,2.2907214426215064e-18
3,100,16.0,0,0.0,6.075769705704114e-06
3,100,16.0,1,0.0,0.10555743864488741
3,100,16.0,2,0.15507399577167016,0.3426875429129409
3,100,16.0,3,0.3530655391120507,0.2411641125599379
3,100,16.0,4,0.2894291754756871,0.1439577351751879
3,100,16.0,5,0.13742071881606763,0.08192605779081817
3,100,16.0,6,0.04545454545454545,0.04437625961740683
3,100,16.0,7,0.003699788583509513,0.022612128823197113
3,100,16.0,8,0.014270613107822409,0.010701699030589637
3,100,16.0,9,0.0015856236786469344,0.004571422115366521
3,100,16.0,10,0.0,0.0016928397010436552
3,100,16.0,11,0.0,0.000546429348109737
3,100,16.0,12,0.0,0.00020025851080854597
10,5,0.0,0,0.0,0.0
10,5,0.0,1,0.35473790322580645,0.35473790322580645
10,5,0.0,2,0.5846774193548387,0.5846774193548387
10,5,0.0,3,0.06058467741935484,0.06058467741935484
10,5,0.0,4,0.0,0.0
10,5,0.0,5,0.0,0.0
10,5,0.0,6,0.0,0.0
10,5,0.0,7,0.0,0.0
10,5,0.0,8,0.0,0.0
10,5,0.0,9,0.0,0.0
10,5,0.0,10,0.0,0.0
10,5,0.0,11,0.0,0.0
10,5,0.0,12,0.0,0.0
10,5,5.0,0,0.0,0.00021216409216735186
10,5,5.0,1,0.8002994011976047,0.6589370222091961
10,5,5.0,2,0.18862275449101795,0.32682040314724803
10,5,5.0,3,0.011077844311377245,0.013537391689771142
10,5,5.0,4,0.0,0.000492848704354866
10,5,5.0,5,0.0,1.7015657010421119e-07
10,5,5.0,6,0.0,6.918344746908231e-13
10,5,5.0,7,0.0,3.1378380513110365e-19
10,5,5.0,8,0.0,3.7509550501123796e-26
10,5,5.0,9,0.0,1.7516798134350396e-33
10,5,5.0,10,0.0,3.9317004044070054e-41
10,5,5.0,11,0.0,4.769359563668705e-49
10,5,5.0,12,0.0,3.216577797389455e-57
10,5,18.0,0,0.0,0.0009660384238344541
10,5,18.0,1,0.8746987951807229,0.8869205833006176
10,5,18.0,2,0.12248995983935744,0.11181352228186213
10,5,18.0,3,0.002811244979919679,0.000293984072555154
10,5,18.0,4,0.0,5.761476007241992e-06
10,5,18.0,5,0.0,1.0962647878685284e-07
10,5,18.0,6,0.0,8.166727291756112e-10
10,5,18.0,7,0.0,1.971171581175236e-12
10,5,18.0,8,0.0,1.9094738404333914e-15
10,5,18.0,9,0.0,9.29453605272813e-19
10,5,18.0,10,0.0,2.681520212081427e-22
10,5,18.0,11,0.0,5.133148189863773e-26
10,5,18.0,12,0.0,6.863619654061046e-30
10,25,0.0,0,0.0,0.0
10,25,0.0,1,0.35509586276488403,0.355095862764884
10,25,0.0,2,0.584359233097881,0.5843592330978808
10,25,0.0,3,0.06054490413723512,0.0605449041372351
10,25,0.0,4,0.0,0.0
10,25,0.0,5,0.0,0.0
10,25,0.0,6,0.0,0.0
10,25,0.0,7,0.0,0.0
10,25,0.0,8,0.0,0.0
10,25,0.0,9,0.0,0.0
10,25,0.0,10,0.0,0.0
10,25,0.0,11,0.0,0.0
10,25,0.0,12,0.0,0.0
10,25,5.0,0,0.0,5.8426011440641606e-05
10,25,5.0,1,0.09909090909090908,0.38650073352974873
10,25,5.0,2,0.6737373737373737,0.49828748328880595
10,25,5.0,3,0.2118181818181818,0.104451158590154
10,25,5.0,4,0.01535353535353535,0.010394206193820752
10,25,5.0,5,0.0,0.0003075473760079801
10,25,5.0,6,0.0,4.449199443243244e-07
10,25,5.0,7,0.0,9.00725105873816e-11
10,25,5.0,8,0.0,5.181132767483175e-15
10,25,5.0,9,0.0,1.215421571895128e-19
10,25,5.0,10,0.0,1.417853169589955e-24
10,25,5.0,11,0.0,9.227394933382269e-30
10,25,5.0,12,0.0,3.4635390697892485e-35
10,25,18.0,0,0.0,0.00012772870794575204
10,25,18.0,1,0.855722891566265,0.49870294298262363
10,25,18.0,2,0.1393574297188755,0.44154274236950286
10,25,18.0,3,0.004919678714859438,0.05115982751830115
10,25,18.0,4,0.0,0.0072183113638244634
10,25,18.0,5,0.0,0.0010730120045910562
10,25,18.0,6,0.0,0.00015537111098387523
10,25,18.0,7,0.0,1.849895380356655e-05
10,25,18.0,8,0.0,1.485558460209966e-06
10,25,18.0,9,0.0,7.67065186367517e-08
10,25,18.0,10,0.0,2.6567505891181906e-09
10,25,18.0,11,0.0,6.548548291004691e-11
10,25,18.0,12,0.0,1.208422769257622e-12
10,50,0.0,0,0.0,0.0
10,50,0.0,1,0.3523326572008114,0.35233265720081147
10,50,0.0,2,0.5868154158215011,0.5868154158215012
10,50,0.0,3,0.06085192697768763,0.06085192697768763
10,50,0.0,4,0.0,0.0
10,50,0.0,5,0.0,0.0
10,50,0.0,6,0.0,0.0
10,50,0.0,7,0.0,0.0
10,50,0.0,8,0.0,0.0
10,50,0.0,9,0.0,0.0
10,50,0.0,10,0.0,0.0
10,50,0.0,11,0.0,0.0
10,50,0.0,12,0.0,0.0
10,50,5.0,0,0.0,3.903944609901824e-05
10,50,5.0,1,0.0,0.3277185050805033
10,50,5.0,2,0.22614445574771108,0.49978585786087065
10,50,5.0,3,0.5012207527975585,0.1530859141723384
10,50,5.0,4,0.2039674465920651,0.018258100202502348
10,50,5.0,5,0.04059003051881994,0.0011074073931944494
10,50,5.0,6,0.02553407934893184,5.1721341922256084e-06
10,50,5.0,7,0.00254323499491353,3.709519530038169e-09
10,50,5.0,8,0.0,7.7968590215658e-13
10,50,5.0,9,0.0,6.79877007826445e-17
10,50,5.0,10,0.0,2.9869874261760517e-21
10,50,5.0,11,0.0,7.409051686045128e-26
10,50,5.0,12,0.0,1.074283032604856e-30
10,50,18.0,0,0.0,7.12035773501943e-05
10,50,18.0,1,0.5219095477386935,0.3863794711858984
10,50,18.0,2,0.43608040201005027,0.48546941271330357
10,50,18.0,3,0.04201005025125629,0.1006301987934162
10,50,18.0,4,0.0,0.021693493228845666
10,50,18.0,5,0.0,0.004608803944605866
10,50,18.0,6,0.0,0.0009380303083967301
10,50,18.0,7,0.0,0.00017854200817258542
10,50,18.0,8,0.0,2.7526210095505057e-05
10,50,18.0,9,0.0,3.0613011389116102e-06
10,50,18.0,10,0.0,2.420457314905516e-07
10,50,18.0,11,0.0,1.4047082820065142e-08
10,50,18.0,12,0.0,6.359627869591953e-10
10,100,0.0,0,0.0,0.0
10,100,0.0,1,0.35363636363636364,0.35363636363636364
10,100,0.0,2,0.5856565656565657,0.5856565656565657
10,100,0.0,3,0.06070707070707071,0.060707070707070716
10,100,0.0,4,0.0,0.0
10,100,0.0,5,0.0,0.0
10,100,0.0,6,0.0,0.0
10,100,0.0,7,0.0,0.0
10,100,0.0,8,0.0,0.0
10,100,0.0,9,0.0,0.0
10,100,0.0,10,0.0,0.0
10,100,0.0,11,0.0,0.0
10,100,0.0,12,0.0,0.0
10,100,5.0,0,0.0,2.9585016411659363e-05
10,100,5.0,1,0.0,0.29678021183852565
10,100,5.0,2,0.16897590361445783,0.4878561896189674
10,100,5.0,3,0.6070281124497993,0.18772618706841213
10,100,5.0,4,0.20813253012048194,0.025362045173405047
10,100,5.0,5,0.01586345381526105,0.0022248882465231608
10,100,5.0,6,0.0,2.086074207213757e-05
10,100,5.0,7,0.0,3.228068570870549e-08
10,100,5.0,8,0.0,1.4993946558711333e-11
10,100,5.0,9,0.0,2.927157821893916e-15
10,100,5.0,10,0.0,2.9074035284342857e-19
10,100,5.0,11,0.0,1.6447580450897528e-23
10,100,5.0,12,0.0,5.492538408821475e-28
10,100,18.0,0,0.0,4.087164847266462e-05
10,100,18.0,1,0.014723926380368098,0.2755730847456377
10,100,18.0,2,0.21053169734151328,0.49021026451849226
10,100,18.0,3,0.14100204498977506,0.16428226805002222
10,100,18.0,4,0.28824130879345605,0.05022589134060212
10,100,18.0,5,0.10695296523517384,0.01451743145160188
10,100,18.0,6,0.11431492842535787,0.0038816254987466964
10,100,18.0,7,0.06329243353783232,0.000986890464344344
10,100,18.0,8,0.05541922290388549,0.0002303673138576938
10,100,18.0,9,0.005521472392638038,4.406130462818655e-05
10,100,18.0,10,0.0,6.454956385951019e-06
10,100,18.0,11,0.0,7.2190087430053e-07
10,100,18.0,12,0.0,6.68063338913793e-08
10,100,25.0,0,0.0,6.110212803016706e-05
10,100,25.0,1,0.05647773279352227,0.37487505631944434
10,100,25.0,2,0.3424089068825911,0.47579750847944896
10,100,25.0,3,0.384412955465587,0.10807357635152945
10,100,25.0,4,0.16244939271255063,0.02903207517266012
10,100,25.0,5,0.05020242914979757,0.008503273743550359
10,100,25.0,6,0.004048582995951417,0.002559373083446163
10,100,25.0,7,0.0,0.000772558932113498
10,100,25.0,8,0.0,0.00023174970146974883
10,100,25.0,9,0.0,6.820941328862163e-05
10,100,25.0,10,0.0,1.9161109334792134e-05
10,100,25.0,11,0.0,4.951784797346683e-06
10,100,25.0,12,0.0,1.4037808862939547e-06
