phase,index,training_TV,b,Dc,eta,tau
global,0,0.5353750279097194,0.1745464654356119,0.47131573858722287,0.0,0.0
global,1,0.46462962324335716,0.0064810259194550066,0.0888785487248599,0.0,0.0
global,2,0.46917689252280126,0.017359801812554254,0.13454317333203009,0.0,0.0
global,3,0.5603987237578663,0.5578972211322525,0.04996756790741599,0.0,0.0
global,4,0.41505139446175393,0.45807930651655543,0.20948744905570904,0.0,0.0
global,5,0.3962744160236248,0.040082900545447046,0.04117788129450866,0.0,0.0
global,6,0.5363047622430887,0.007207026612707956,0.3289339469600785,0.0,0.0
global,7,0.4084763029246742,0.06897477183541739,0.1171951348709524,0.0,0.0
global,8,0.426127085600771,0.11503553093397584,0.16134079488838282,0.0,0.0
global,9,0.44718927666769137,0.00981872085335764,0.058213503434638075,0.0,0.0
global,10,0.5357911470236817,0.03147714797224115,0.3934247072909958,0.0,0.0
global,11,0.3913385869485205,0.3073186540736289,0.07631536641116841,0.0,0.0
global,12,0.45236296188753417,0.7104870043928548,0.2710310253332746,0.0,0.0
global,13,0.4374455395035292,0.025873691429911697,0.10194451427001648,0.0,0.0
global,14,0.5363958314047284,0.0038856515722881816,0.254495142304886,0.0,0.0
global,15,0.3837521259473227,0.12812987143002685,0.04735440913509814,0.0,0.0
global,16,0.4692781152692324,0.15476734719765597,0.23108203230884058,0.0,0.0
global,17,0.4646522089769488,0.003212466335520509,0.044136820406507835,0.0,0.0
global,18,0.5333910935872905,0.021324279780047507,0.298241935964378,0.0,0.0
global,19,0.41172542226002745,0.8609023965986934,0.10932115605174414,0.0,0.0
global,20,0.5283550667379939,0.24867895969475037,0.3723918175567218,0.0,0.0
global,21,0.40216215809863015,0.0389521509584627,0.068233996003742,0.0,0.0
global,22,0.5074894224890596,0.012180205559894042,0.17031237535226537,0.0,0.0
global,23,0.3740219453309049,0.09285999881247249,0.06507463951445423,0.0,0.0
global,24,0.5331359628655962,0.05694272375043279,0.3475721406751993,0.0,0.0
global,25,0.48619756256412305,0.008741680828772136,0.13105271359367845,0.0,0.0
global,26,0.4808374929069624,0.04849811340271906,0.19848236978862452,0.0,0.0
global,27,0.5681774128651012,0.3791148102912751,0.03683070335851055,0.0,0.0
global,28,0.3909315157848814,0.6913888919071256,0.14819761104514,0.0,0.0
global,29,0.43703212311689177,0.013988812144948255,0.05360204559462068,0.0,0.0
global,30,0.5364594257634446,0.005239226101736355,0.42838798119465704,0.0,0.0
global,31,0.3782529524196665,0.21562585560514813,0.08286699135363079,0.0,0.0
global,32,0.37739648465807285,0.23475800312142572,0.13907774254462835,0.0,0.0
global,33,0.46040679634421966,0.004764914975558255,0.052599566168073424,0.0,0.0
global,34,0.5364007940885104,0.015402353496395073,0.4955007701979852,0.0,0.0
global,35,0.4242044928084029,0.6359033739391212,0.09175434639328903,0.0,0.0
global,36,0.5025557208730057,0.3443227236181445,0.3125014618243251,0.0,0.0
global,37,0.4169209708080374,0.052729942283041634,0.11338270111052012,0.0,0.0
global,38,0.5273609681256148,0.008029235423519958,0.20293493552516112,0.0,0.0
global,39,0.38385551595967426,0.06261076925942155,0.039171805957972115,0.0,0.0
global,40,0.5350563995800399,0.08433777086146162,0.4130759243554045,0.0,0.0
global,41,0.4463240186017601,0.013242975601205615,0.07909217523998248,0.0,0.0
global,42,0.4701444229879031,0.03577768046317798,0.1669951466172398,0.0,0.0
global,43,0.4084124818429177,0.27343325647562444,0.06104161636685278,0.0,0.0
global,44,0.4235851272134414,0.9372908596994124,0.2455764646164958,0.0,0.0
global,45,0.4242864901098383,0.019393816428681945,0.0451059554638409,0.0,0.0
global,46,0.5366265227028704,0.0035370723203832556,0.2584962858471784,0.0,0.0
global,47,0.3776326835015387,0.142346625469927,0.09850019856584646,0.0,0.0
global,48,0.5147320587172618,0.11768973292074626,0.2889148008495067,0.0,0.0
global,49,0.47969746302933086,0.004272339109066856,0.10399481313048291,0.0,0.0
global,50,0.5162804774369056,0.02349976187362198,0.21953906335577583,0.0,0.0
global,51,0.6686685335454087,0.7724643707184635,0.0427008111910805,0.0,0.0
global,52,0.3969354908586736,0.3383646917096624,0.17905082482951468,0.0,0.0
global,53,0.4139894254910005,0.028951711334530183,0.0671805563870569,0.0,0.0
global,54,0.5363113106481571,0.010689700647924709,0.38494069333808284,0.0,0.0
global,55,0.37450661754836817,0.10462343060405518,0.0718285154445554,0.0,0.0
global,56,0.46307820583036163,0.07594260566989906,0.1893038165557603,0.0,0.0
global,57,0.45411393505001935,0.006628787484247094,0.03558614844828156,0.0,0.0
global,58,0.5332656802465203,0.04363858555703738,0.3353932658198058,0.0,0.0
global,59,0.3794120423130538,0.4166184726667992,0.12482949425734172,0.0,0.0
global,60,0.5317946606979385,0.5124410061677607,0.44339909360261215,0.0,0.0
global,61,0.4393321882415036,0.01908745889994061,0.08689326798143103,0.0,0.0
global,62,0.5127950712442031,0.005886366993638092,0.15559918642339393,0.0,0.0
global,63,0.3898560767017443,0.18977189185732135,0.05555269873067945,0.0,0.0
global,64,0.4438918864253118,0.18720072458056217,0.20607023270770508,0.0,0.0
global,65,0.4574512528797361,0.005523408180211646,0.03855156378663699,0.0,0.0
global,66,0.5345543045381538,0.01771046096097774,0.30800284721986265,0.0,0.0
global,67,0.38689643235932747,0.499830077638143,0.11526536025028894,0.0,0.0
global,68,0.5342588516135991,0.42922725566087905,0.48331963294142416,0.0,0.0
global,69,0.40900944523159777,0.046801698697238915,0.09425214305629107,0.0,0.0
global,70,0.5007319646715309,0.007029556703915525,0.14270144668659607,0.0,0.0
global,71,0.37638351002080916,0.07736708401285554,0.05123164105164525,0.0,0.0
global,72,0.5076244536939176,0.09852657194705382,0.2678299332838254,0.0,0.0
global,73,0.45835863774196706,0.010477456040414225,0.09488064271271407,0.0,0.0
global,74,0.5195646452830394,0.02805869288410897,0.2368982184674271,0.0,0.0
global,75,0.47510155490346667,0.315087677819937,0.046787730304425505,0.0,0.0
global,76,0.3945537300060011,0.833639814634611,0.16619354348992932,0.0,0.0
global,77,0.4190050703723448,0.024128143771103987,0.061374627572151216,0.0,0.0
global,78,0.5364803607905602,0.004337586152235448,0.4148582375849628,0.0,0.0
global,79,0.3751989709411844,0.12558606175074105,0.07859754895952771,0.0,0.0
global,80,0.531984013279551,0.14501828113558113,0.3788491847731038,0.0,0.0
global,81,0.46661804453085776,0.003750960373041488,0.0729375558736053,0.0,0.0
global,82,0.4997384948650004,0.020799332060704456,0.18202190706506577,0.0,0.0
global,83,0.5817191981114731,0.9656471368827294,0.06621417207193046,0.0,0.0
global,84,0.4474669873473094,0.26670707712824965,0.22551306938862198,0.0,0.0
global,85,0.4031712965229569,0.033196995067618404,0.0416515250334338,0.0,0.0
global,86,0.534321497937238,0.012426267217395323,0.28140384311307304,0.0,0.0
global,87,0.39307773674384505,0.0831941738371215,0.10670340882800865,0.0,0.0
global,88,0.43735641759034866,0.06681232698662466,0.14988000585469718,0.0,0.0
global,89,0.45119443773980455,0.00815194858493074,0.057559113936131875,0.0,0.0
global,90,0.5360728906041271,0.05413935190391775,0.4599361814156531,0.0,0.0
global,91,0.39569745265499034,0.3715872751610878,0.0838217067886385,0.0,0.0
global,92,0.5030930606607168,0.5921644800276228,0.33722663283533233,0.0,0.0
global,93,0.4660545603590478,0.014927427687527988,0.1242289533350854,0.0,0.0
global,94,0.5287191449026609,0.004670255241811111,0.18811815922956554,0.0,0.0
global,95,0.4633779918105083,0.22107525211073042,0.03574003332773397,0.0,0.0
global,96,0.5169501321765951,0.2010745229584244,0.3171231524691976,0.0,0.0
global,97,0.48954257143452645,0.005084768788730429,0.1214834694296831,0.0,0.0
global,98,0.524657043005452,0.013730362870876136,0.21747012336770036,0.0,0.0
global,99,0.6582955451061745,0.652013583989489,0.03974450452218073,0.0,0.0
global,100,0.37743580055017434,0.40398253762899683,0.1353842951197754,0.0,0.0
global,101,0.38832160015000033,0.04916970024762122,0.04975494749786253,0.0,0.0
global,102,0.5364238148299609,0.008962841475785013,0.46877715887168,0.0,0.0
global,103,0.39464406279578185,0.06136591386463334,0.08930367090461278,0.0,0.0
global,104,0.49831405154906855,0.09044741579150585,0.2503284065595825,0.0,0.0
global,105,0.4424078087872398,0.011285652842014686,0.04804797549003932,0.0,0.0
global,106,0.5267489962663584,0.03649905053646854,0.27540289629570935,0.0,0.0
global,107,0.37808809646365105,0.24496478575479635,0.10038932112708043,0.0,0.0
global,108,0.5221723040370497,0.878283009135171,0.40394610517845964,0.0,0.0
global,109,0.4264655233017478,0.022645352617439916,0.07437437867423652,0.0,0.0
global,110,0.5198694683840327,0.003450169321876706,0.1570587928721775,0.0,0.0
global,111,0.377398995133976,0.15967537242083826,0.05968304645405796,0.0,0.0
global,112,0.43181871572834896,0.13808123593046956,0.1765460224464788,0.0,0.0
global,113,0.46387756971569033,0.003983912407925514,0.0627374549281049,0.0,0.0
global,114,0.5354136208680056,0.02623226580807378,0.3594252147372796,0.0,0.0
global,115,0.5263646227598485,0.7570992634981014,0.07083486605296554,0.0,0.0
global,116,0.49675264566955984,0.28981330913422465,0.29696966697013377,0.0,0.0
global,117,0.436035952966939,0.03089526031209013,0.11000578280852445,0.0,0.0
global,118,0.5312655806172236,0.00952936199066015,0.23218954650131138,0.0,0.0
global,119,0.38258267069663787,0.10727361261756811,0.04389867536969024,0.0,0.0
global,120,0.535665202635849,0.07116132547794042,0.4346581394285783,0.0,0.0
global,121,0.45841985709230726,0.007740219127305541,0.08151102256068218,0.0,0.0
global,122,0.45083911424363254,0.042566574252076946,0.1459383871717206,0.0,0.0
global,123,0.510003054320509,0.46733244289141007,0.05446608705740221,0.0,0.0
global,124,0.3973873671674479,0.5495587416922376,0.19343630002896195,0.0,0.0
global,125,0.43042355892678724,0.016266347366346672,0.037815262917747595,0.0,0.0
global,126,0.5364531410403091,0.006005103834975457,0.3563428690946615,0.0,0.0
global,127,0.37972923117971774,0.1700134932496221,0.12757577441073348,0.0,0.0
global,128,0.41784739929339576,0.16916941935984667,0.16932735561919166,0.0,0.0
global,129,0.4573132815648732,0.0061109963255639175,0.060160585172716954,0.0,0.0
global,130,0.5362443729780164,0.016371577627312194,0.40704823965825604,0.0,0.0
global,131,0.44132401307630914,0.5408072471373371,0.0802096861926169,0.0,0.0
global,132,0.4569608611843713,0.48568866499178165,0.2621062477532599,0.0,0.0
global,133,0.415858034782342,0.04135330211573723,0.09707853131380934,0.0,0.0
global,134,0.5337894134453975,0.007436734245572499,0.24199285212992855,0.0,0.0
global,135,0.37894761659724896,0.07314466422186887,0.04574327525440315,0.0,0.0
global,136,0.5359793880798573,0.10902708981392785,0.4925780426993502,0.0,0.0
global,137,0.45916684901120053,0.009469914243681765,0.09236057492092103,0.0,0.0
global,138,0.45724258596375883,0.03035368257639812,0.1400646766531219,0.0,0.0
global,139,0.440112467475563,0.29121666273085206,0.05226390756640521,0.0,0.0
global,140,0.4000381361332695,0.7367211749118754,0.2017380150983638,0.0,0.0
global,141,0.41106905806043836,0.027306775304039257,0.03943061144858685,0.0,0.0
global,142,0.5366342077092721,0.004100137389607374,0.3147192051221999,0.0,0.0
global,143,0.3794400499211946,0.1328372685576326,0.11265914235038099,0.0,0.0
global,144,0.5239989696190467,0.16409412728988737,0.33044536903890676,0.0,0.0
global,145,0.4997375514700936,0.003314292330472818,0.1266138356982453,0.0,0.0
global,146,0.5042296655871821,0.022004124989762265,0.1919163560865308,0.0,0.0
global,147,0.7593904556632745,0.912946065715639,0.035078230612327684,0.0,0.0
global,148,0.3851252301340376,0.24101755050362947,0.15330373474274264,0.0,0.0
global,149,0.4008712558696594,0.03672850945375065,0.05634675663739449,0.0,0.0
global,150,0.5363950537024915,0.011486866140477184,0.44951840297537254,0.0,0.0
global,151,0.3798058708348744,0.09001468860560036,0.08565300505510576,0.0,0.0
global,152,0.49016715428551394,0.05904480508832941,0.22106118005447659,0.0,0.0
global,153,0.4469101993398877,0.009225888013792422,0.0424351910882818,0.0,0.0
global,154,0.525670779903842,0.051175601652706314,0.28716412549395376,0.0,0.0
global,155,0.3843626938825839,0.39304211354112195,0.10469886503338355,0.0,0.0
global,156,0.5218246800952592,0.6552750098954544,0.3876095060377336,0.0,0.0
global,157,0.44276413065798476,0.013491975029872092,0.07138173847894708,0.0,0.0
global,158,0.5250808435727005,0.005052244552770385,0.17796584584187536,0.0,0.0
global,159,0.38011543461560793,0.2043264437194599,0.0676354074590073,0.0,0.0
global,160,0.5315186276973677,0.22246761162390716,0.39479654486932625,0.0,0.0
global,161,0.4650581676899694,0.004595050149331438,0.07599927303060797,0.0,0.0
global,162,0.4953146096491881,0.01485584193118685,0.1606465141116854,0.0,0.0
global,163,0.5386502383643779,0.6027158299553044,0.058425950830243156,0.0,0.0
global,164,0.4615434030120913,0.35695719815176846,0.25538266859689784,0.0,0.0
global,165,0.38460098370025825,0.05563816054956016,0.047158263184939805,0.0,0.0
global,166,0.5349768436746024,0.00847358448749742,0.2698648518411997,0.0,0.0
global,167,0.3998516601062847,0.06491977462856315,0.10231653866618116,0.0,0.0
global,168,0.4134766066750424,0.08175067270964154,0.13236747174252317,0.0,0.0
global,169,0.4399752309347911,0.012488557000020483,0.0508229005236705,0.0,0.0
global,170,0.5362885261486582,0.03373349934309547,0.47961691114814853,0.0,0.0
global,171,0.38129061646630025,0.2649982979064519,0.08739875442730902,0.0,0.0
global,172,0.47590992275693056,0.9939987708970118,0.3236145893981565,0.0,0.0
global,173,0.4556925497036472,0.020012829910343442,0.11920127026230475,0.0,0.0
global,174,0.5344286933948873,0.003649337610185132,0.21317700266151704,0.0,0.0
global,175,0.4051742083566092,0.1509327625383798,0.04049229192895014,0.0,0.0
global,176,0.4532135908498832,0.1220078749421799,0.1975962364241829,0.0,0.0
global,177,0.4604781433673411,0.004508009047806574,0.036971107058281945,0.0,0.0
global,178,0.5352423408706061,0.02480033841486767,0.3487275678401099,0.0,0.0
global,179,0.3972126509682098,0.8009452422470801,0.1305310538505356,0.0,0.0
global,180,0.5324101998782155,0.32064747837442475,0.4264753437336805,0.0,0.0
global,181,0.42262258967634814,0.027919684954351667,0.08318292878853929,0.0,0.0
global,182,0.496570330376417,0.010310490385515835,0.14869024227149338,0.0,0.0
global,183,0.3752678727268218,0.09916290746384855,0.053388707819350414,0.0,0.0
global,184,0.5250231326427642,0.08053705578439377,0.30344546970414615,0.0,0.0
global,185,0.47330707490803126,0.006840421721875207,0.10751847428059907,0.0,0.0
global,186,0.5036065232291574,0.04502378268363456,0.22730824918625112,0.0,0.0
global,187,0.5477715788288129,0.44174466157639436,0.044899641825619604,0.0,0.0
global,188,0.38656895298273286,0.4967175842770146,0.1732839089029857,0.0,0.0
global,189,0.4310507838401532,0.018000145146704255,0.06400154451852139,0.0,0.0
global,190,0.5364762596413065,0.005550091039325341,0.36631036223667324,0.0,0.0
global,191,0.3770790051587752,0.18391723371744909,0.06941325643331467,0.0,0.0
global,192,0.49379293579681544,0.1975086801892528,0.27722227248992076,0.0,0.0
global,193,0.47191884750425456,0.0057265991959344524,0.09979728512704704,0.0,0.0
global,194,0.5283882316175771,0.018365156544334998,0.24873075763368252,0.0,0.0
global,195,0.559717137355706,0.5274437719848286,0.048388993292583275,0.0,0.0
global,196,0.3784179445110427,0.4139610648879293,0.15809638989090333,0.0,0.0
global,197,0.39416098321155296,0.04434743582210385,0.05933104519604274,0.0,0.0
global,198,0.5364389786529045,0.006662117735981875,0.40136808724418965,0.0,0.0
global,199,0.3805391841530641,0.07462870400525518,0.07490220879905839,0.0,0.0
global,200,0.470385977711411,0.1016627353033414,0.2143314950485571,0.0,0.0
global,201,0.44222522730724845,0.011112365127823251,0.0402995195998665,0.0,0.0
global,202,0.5337087581082242,0.029753673049252402,0.32160412052899634,0.0,0.0
global,203,0.37648515289827855,0.3250591031304962,0.11971062012612385,0.0,0.0
global,204,0.5313514693936627,0.7862166444256328,0.46201146547454297,0.0,0.0
global,205,0.43426201446774915,0.02338587591741209,0.09055079899952684,0.0,0.0
global,206,0.5050581446851191,0.004203419741308804,0.137297265176367,0.0,0.0
global,207,0.3796649511741804,0.1184213870957037,0.04902888151397888,0.0,0.0
global,208,0.4018449628079029,0.13986160726444158,0.1450305482647417,0.0,0.0
global,209,0.4642283411244204,0.0035542515615969886,0.05484374114102874,0.0,0.0
global,210,0.5362908049681057,0.019711977545898433,0.43760072199819156,0.0,0.0
global,211,0.5114803396860371,0.9314710018269541,0.08101715015185317,0.0,0.0
global,212,0.5237211486987464,0.2813937273532282,0.35412599515345816,0.0,0.0
global,213,0.4452105235090773,0.034417939387549785,0.12846037167996566,0.0,0.0
global,214,0.5182150704513314,0.012885588184954623,0.19474574950339188,0.0,0.0
global,215,0.38465050314478133,0.08779105195654924,0.03758614790429974,0.0,0.0
global,216,0.5338396543657181,0.06301210357491148,0.3645629970920078,0.0,0.0
global,217,0.454247053800859,0.007901144190362221,0.06978983782063493,0.0,0.0
global,218,0.4641250128575029,0.05246432667023511,0.17402623000133172,0.0,0.0
global,219,0.4319859109293772,0.35038919795057755,0.06360324708336641,0.0,0.0
global,220,0.4291352545019993,0.6110151024569055,0.23550868048438858,0.0,0.0
global,221,0.4317170122936852,0.01583186349556197,0.04325103088420445,0.0,0.0
global,222,0.5364559875463333,0.004952364411003852,0.29273123752195934,0.0,0.0
global,223,0.37633040833349,0.22807340014869082,0.11152387061706648,0.0,0.0
global,224,0.4674886264851865,0.20742873083518942,0.2409532816361004,0.0,0.0
global,225,0.45812046599314277,0.0053916949205258845,0.0460311304778741,0.0,0.0
global,226,0.5322282743257154,0.014561750418409219,0.2633705485526469,0.0,0.0
global,227,0.41833790772028334,0.672738022624904,0.0965517635395194,0.0,0.0
global,228,0.5314147118618836,0.38095207655237306,0.42195942034273964,0.0,0.0
global,229,0.3983124623448806,0.0476509163479072,0.07732659012753323,0.0,0.0
global,230,0.510764919796175,0.008687494280770014,0.16342638980347945,0.0,0.0
global,231,0.3843292318974067,0.057877542021708216,0.062455642722992005,0.0,0.0
global,232,0.5240255269086429,0.09544847526882216,0.30672724972967036,0.0,0.0
global,233,0.46672419035524854,0.011703358446024688,0.11566726559384619,0.0,0.0
global,234,0.4958678758125082,0.03784341355331807,0.20682236836268791,0.0,0.0
global,235,0.48007070375138583,0.2584648009489925,0.03838566473706476,0.0,0.0
global,236,0.39732746243172934,0.8471593378870815,0.14211047368018595,0.0,0.0
global,237,0.4213357218623953,0.021460725635392655,0.05141025176835808,0.0,0.0
global,238,0.5364558229801277,0.0032691001029411444,0.4850837635361263,0.0,0.0
global,239,0.376950311439973,0.15398948061950815,0.09384650013775883,0.0,0.0
global,240,0.5353568428758504,0.13020978707031114,0.4523514556531245,0.0,0.0
global,241,0.47042598477002584,0.0038608232474674157,0.08528423914546435,0.0,0.0
global,242,0.47055377768066126,0.025426314242004755,0.15247023349383218,0.0,0.0
global,243,0.5732397287337516,0.7140674787727234,0.056619162484531076,0.0,0.0
global,244,0.40849453090118015,0.29897422341344587,0.1850160259351158,0.0,0.0
global,245,0.40381404052526,0.03276006454410102,0.03636362480831122,0.0,0.0
global,246,0.5361460812584516,0.010106291839203682,0.34305474633274946,0.0,0.0
global,247,0.39193888545607175,0.11068364370113125,0.12220024994494895,0.0,0.0
global,248,0.4617744461195202,0.06863977059631701,0.1827159932532057,0.0,0.0
global,249,0.45488852220816756,0.007335250939424765,0.06591850567406767,0.0,0.0
global,250,0.5352309694186187,0.04033251799887953,0.37734157028235643,0.0,0.0
global,251,0.4398106553830955,0.45069489902309395,0.07317996637024364,0.0,0.0
global,252,0.4660720828131256,0.5799499930911304,0.28247675551771323,0.0,0.0
global,253,0.45307137810087955,0.016868353308239187,0.10622696147022428,0.0,0.0
global,254,0.5330486652412169,0.006226237214838557,0.22461554497549097,0.0,0.0
global,255,0.41600141979787447,0.17938342561806392,0.04178996235936074,0.0,0.0
global,256,0.4593978193776973,0.17803383299687667,0.2226737136662115,0.0,0.0
global,257,0.455133486680035,0.006344384011871467,0.04209974594202982,0.0,0.0
global,258,0.5333621113262266,0.01694256551104814,0.2848018300834664,0.0,0.0
global,259,0.39504190727617217,0.570952585826263,0.10549677001645884,0.0,0.0
global,260,0.5232533168648867,0.4485619528262105,0.3745653248655991,0.0,0.0
global,261,0.402511600239466,0.040982376833538975,0.07381825097735491,0.0,0.0
global,262,0.522850237099373,0.007388279137114178,0.18398082928115744,0.0,0.0
global,263,0.38024573448108195,0.0673854134578092,0.06538046163590511,0.0,0.0
global,264,0.5294047249067237,0.1123885169940039,0.34197042414207013,0.0,0.0
global,265,0.4752935977409144,0.010065545667529152,0.12242849409491675,0.0,0.0
global,266,0.4859315407229044,0.03218386041065423,0.1856325164618627,0.0,0.0
global,267,0.5209470557655839,0.3009236831158388,0.03628990530290445,0.0,0.0
global,268,0.3919511739048128,0.7271051268921769,0.15218583762258683,0.0,0.0
global,269,0.41600141175144734,0.02525265823211956,0.056798600889032685,0.0,0.0
global,270,0.5364644644985754,0.003803603712007277,0.45326993371912516,0.0,0.0
global,271,0.37617053356141916,0.13069129200587473,0.08500087318779331,0.0,0.0
global,272,0.5357455136178497,0.15160089207466296,0.4885210382308256,0.0,0.0
global,273,0.47652189594283045,0.003283491604506091,0.09306538663149211,0.0,0.0
global,274,0.4667382274870675,0.021867895307536946,0.14108782194102487,0.0,0.0
global,275,0.6179859169769735,0.8407833749681308,0.05185023774554648,0.0,0.0
global,276,0.4360094757069653,0.253740782604295,0.20855859400112622,0.0,0.0
global,277,0.39830150662689,0.03811688634553952,0.03811561625324793,0.0,0.0
global,278,0.5353387122810291,0.0118919624190069,0.30412493390368545,0.0,0.0
global,279,0.39416790346064623,0.0949970243076853,0.11650577143519739,0.0,0.0
global,280,0.4531913736313099,0.058255090231259285,0.163784787800564,0.0,0.0
global,281,0.45090498345635965,0.008534716448630722,0.06223802956704464,0.0,0.0
global,282,0.535813339419365,0.04745867143014849,0.4212406903630089,0.0,0.0
global,283,0.4106726448805304,0.3868188855339264,0.07755907150189331,0.0,0.0
global,284,0.4488920618534972,0.675223920037285,0.2642909958152914,0.0,0.0
global,285,0.4522338257551436,0.014345898308366073,0.0963403949169654,0.0,0.0
global,286,0.5350158049239204,0.005354885267886971,0.24023064943298025,0.0,0.0
global,287,0.4176449384116656,0.2112165923323509,0.04610962593715988,0.0,0.0
global,288,0.5012032298269108,0.22964085897822512,0.2932306670341296,0.0,0.0
global,289,0.4826694510611642,0.004863557445327862,0.11118959382602363,0.0,0.0
global,290,0.527206952016192,0.015773599395316928,0.23499330652360628,0.0,0.0
global,291,0.6222902941431893,0.6202077697005758,0.04340226180389095,0.0,0.0
global,292,0.39017000907885485,0.3518080818284937,0.1745496934871974,0.0,0.0
global,293,0.38910349720707665,0.05166868326466831,0.06349497862646115,0.0,0.0
global,294,0.5363671456022496,0.007849947722815115,0.3632932889590965,0.0,0.0
global,295,0.38321376382482897,0.06413997675751135,0.06994296344298535,0.0,0.0
global,296,0.46367863039123636,0.0863985898327892,0.19615735517344027,0.0,0.0
global,297,0.4378311076658852,0.012946842228972267,0.03726719839811867,0.0,0.0
global,298,0.5347007767907687,0.0350587618951297,0.3516343769719844,0.0,0.0
global,299,0.374236536912427,0.27937444908894793,0.1295385458737074,0.0,0.0
global,300,0.528455089277471,0.9141261668662481,0.44134520695710505,0.0,0.0
global,301,0.4345666042492584,0.019861486972697913,0.08043405056093718,0.0,0.0
global,302,0.5115333427019441,0.0036102566357637386,0.14382320319396288,0.0,0.0
global,303,0.3777496501634152,0.13924841049561384,0.055232301535267946,0.0,0.0
global,304,0.40100693362372813,0.1202026898217443,0.13684130272779502,0.0,0.0
global,305,0.4618974122133629,0.004187938681954358,0.049128477096211966,0.0,0.0
global,306,0.5363206530303182,0.022966578658948623,0.46347643299669344,0.0,0.0
global,307,0.4519971771085908,0.7916222007625102,0.09038198103950204,0.0,0.0
global,308,0.5086135182986156,0.33087836278563315,0.32095245461439753,0.0,0.0
global,309,0.4445703867066104,0.02956096307124051,0.12010969261425018,0.0,0.0
global,310,0.5267746607776796,0.010943811082155796,0.214732033549175,0.0,0.0
global,311,0.38545727797963014,0.10207413009895483,0.04017220357796155,0.0,0.0
global,312,0.5348424622134651,0.07409296984812257,0.3980913694521268,0.0,0.0
global,313,0.45885469350828767,0.006786140454331246,0.07542064427357364,0.0,0.0
global,314,0.45892051904328723,0.04455837049479717,0.1594750668239023,0.0,0.0
global,315,0.4710716924192857,0.4073962946968384,0.05889447045948474,0.0,0.0
global,316,0.442780684855167,0.5251327077870633,0.2470207673828878,0.0,0.0
global,317,0.4262482470534913,0.01865459030465769,0.048787209137176095,0.0,0.0
global,318,0.5361131681971412,0.005770018077641917,0.27927700865247557,0.0,0.0
global,319,0.3768853336907769,0.19383036360062394,0.09893437140734823,0.0,0.0
global,320,0.5299624471010017,0.18266136909420752,0.36938529510733503,0.0,0.0
global,321,0.4602421052458261,0.005651418370949761,0.06892495525794855,0.0,0.0
global,322,0.49728791426299546,0.018066683193276745,0.17181366798959524,0.0,0.0
global,323,0.4816560515551939,0.48935662137529934,0.06446553789643666,0.0,0.0
global,324,0.4343298447356546,0.4399642604192978,0.22891898500724836,0.0,0.0
global,325,0.39107762523740164,0.045717227094536884,0.04452591892803503,0.0,0.0
global,326,0.5361465390126636,0.0068850152768215826,0.30126188588566943,0.0,0.0
global,327,0.39610540944209327,0.07912063002593941,0.1084386326152514,0.0,0.0
global,328,0.4204245881605748,0.10076081197850222,0.149209959708348,0.0,0.0
global,329,0.44539279108223373,0.010261681270670085,0.05327180689336054,0.0,0.0
global,330,0.5361432522459817,0.027409429489572767,0.42519651016681254,0.0,0.0
global,331,0.3877798270001551,0.3229659586540813,0.0833247425626364,0.0,0.0
global,332,0.5016621145414225,0.816144797182576,0.3494922699873704,0.0,0.0
global,333,0.4566917314518226,0.024613718827705456,0.1300762737338201,0.0,0.0
global,334,0.5311132796258068,0.00443806516657111,0.19725962667401345,0.0,0.0
global,335,0.39944397007315113,0.1225448146098813,0.0370822671842843,0.0,0.0
global,336,0.45710175814632487,0.14869565783602035,0.2116086559555989,0.0,0.0
global,337,0.46315881209957555,0.003662817632369792,0.0408454564838485,0.0,0.0
global,338,0.5349181964020757,0.020378256972906926,0.3258548970382089,0.0,0.0
global,339,0.40704655782665855,0.9872140051141625,0.1182282750652296,0.0,0.0
global,340,0.5349429263112867,0.26033840583977635,0.47547042245996435,0.0,0.0
global,341,0.4180827489950565,0.03395350357448331,0.08804665363341495,0.0,0.0
global,342,0.47776896940030616,0.012680868057126055,0.13345695663793816,0.0,0.0
global,343,0.37591957572941526,0.08142096513296596,0.05047356447225016,0.0,0.0
global,344,0.5168419741467771,0.06538900190001169,0.2693613863345584,0.0,0.0
global,345,0.46663851394173655,0.00831869940310483,0.1026408375543127,0.0,0.0
global,346,0.513910310343026,0.05537492730598046,0.2559011222026542,0.0,0.0
global,347,0.4983910071911023,0.362710190037653,0.047001592066506094,0.0,0.0
global,348,0.38679561102959065,0.6053699925226943,0.16013879107517912,0.0,0.0
global,349,0.4365980516108817,0.014625387483662173,0.05853506245836168,0.0,0.0
global,350,0.5364904228287493,0.004560460280583461,0.3961121494565774,0.0,0.0
global,351,0.38029062174014133,0.2266887547023144,0.07584517889963803,0.0,0.0
global,352,0.41744687314461276,0.20587591363924604,0.17760528143846657,0.0,0.0
global,353,0.46197570902862434,0.00495817392813992,0.06786086027574095,0.0,0.0
global,354,0.536241190067604,0.013432840308551665,0.38833397465596886,0.0,0.0
global,355,0.5043110794949931,0.6655993926001991,0.07115620710602612,0.0,0.0
global,356,0.47757540853583685,0.39490997469212813,0.2862103578961298,0.0,0.0
global,357,0.41297605140696114,0.05036397028841253,0.10491158515826166,0.0,0.0
global,358,0.5299646100403954,0.00915969581321105,0.22176204987876214,0.0,0.0
global,359,0.383607594829628,0.060144069655249946,0.04235609192362457,0.0,0.0
global,360,0.5356413452858466,0.08864945757646897,0.4464279054648192,0.0,0.0
global,361,0.45275533903811577,0.011533397594362548,0.0863579088347448,0.0,0.0
global,362,0.4606952472903233,0.03738597614547995,0.15443995812318814,0.0,0.0
global,363,0.4051399290720493,0.23945552059324965,0.0558595600345882,0.0,0.0
global,364,0.3988011256138701,0.8965736616087955,0.19034964147107178,0.0,0.0
global,365,0.4187781666442161,0.022155380861095673,0.03532101156224874,0.0,0.0
global,366,0.5366678096321811,0.00336416014145843,0.3333271345500335,0.0,0.0
global,367,0.3798829112322456,0.16349000530405527,0.12568213143983967,0.0,0.0
global,368,0.5223618374787163,0.13493059216583242,0.315665801413217,0.0,0.0
global,369,0.4862406262411779,0.004082177745181735,0.11246738979625334,0.0,0.0
global,370,0.5037104117415607,0.026798262748914503,0.20103535960270333,0.0,0.0
global,371,0.6860036281068661,0.7423059591622632,0.039517134226828336,0.0,0.0
global,372,0.374315105361551,0.2966375739338387,0.14030370390220348,0.0,0.0
global,373,0.4082269296762984,0.030135824819753323,0.05210723181018768,0.0,0.0
global,374,0.5364262390503931,0.00931974901689929,0.49150032196294374,0.0,0.0
global,375,0.378140742039765,0.10954551604416055,0.0926834802337084,0.0,0.0
global,376,0.5004632093616365,0.0726708169313035,0.24406360011603592,0.0,0.0
global,377,0.4517357678522868,0.007569878150426791,0.04541404153570361,0.0,0.0
global,378,0.5208564674033617,0.04152070151933705,0.2599243240512137,0.0,0.0
global,379,0.39479727315975743,0.47832100379503106,0.09776629907268637,0.0,0.0
global,380,0.5281106364638392,0.5388147377679764,0.40999852745644405,0.0,0.0
global,381,0.4400559746226006,0.016617863019883262,0.07952907464042631,0.0,0.0
global,382,0.5188670927667707,0.00615302039917574,0.16813590261356076,0.0,0.0
global,383,0.3777329057870325,0.1661360686042795,0.060665542956068026,0.0,0.0
global,384,0.5287501053340695,0.17269239200732023,0.357472182759107,0.0,0.0
global,385,0.4912691390638098,0.005978776297958091,0.1273378181006198,0.0,0.0
global,386,0.513044706855338,0.01596345647583511,0.19279357970341218,0.0,0.0
global,387,0.6404270024517803,0.553726902437706,0.03789204650786835,0.0,0.0
global,388,0.3805299661529527,0.4760337435043398,0.14621096333374298,0.0,0.0
global,389,0.39499680106040297,0.04226111200321773,0.05429393363466029,0.0,0.0
global,390,0.536428416067558,0.007617449232623864,0.43377694542555095,0.0,0.0
global,391,0.38431499636581556,0.07149961406220372,0.08178262807466893,0.0,0.0
global,392,0.4802762893851742,0.10657854361450352,0.23421474137360684,0.0,0.0
global,393,0.44575595739766616,0.00969992985203023,0.04357569439578416,0.0,0.0
global,394,0.5311825235722968,0.031020362834411664,0.29454573475543455,0.0,0.0
global,395,0.37768162647694925,0.28541820915599947,0.11076728415775967,0.0,0.0
global,396,0.5104294560578353,0.754312832426153,0.362089601686843,0.0,0.0
global,397,0.41823681718737193,0.026626931027555156,0.07022248641677592,0.0,0.0
global,398,0.5262659562713877,0.0040112930891248065,0.17533247310866765,0.0,0.0
global,399,0.37458470880593764,0.13560511176610404,0.0632538462767588,0.0,0.0
global,400,0.4070959268127871,0.16088599292591657,0.1567149576165745,0.0,0.0
global,401,0.46526538327215805,0.003385915326447894,0.059891633640765544,0.0,0.0
global,402,0.5361053077210353,0.022546134105794594,0.4046349259103484,0.0,0.0
global,403,0.5372903405657984,0.8921245912061168,0.07415132874209597,0.0,0.0
global,404,0.48334534519851946,0.24612998932581145,0.2744433036949637,0.0,0.0
global,405,0.4233893439862645,0.035920228101347824,0.10060948130564935,0.0,0.0
global,406,0.5324751990544948,0.011204634444662333,0.25108100566621455,0.0,0.0
global,407,0.3772746964215214,0.0921312057231538,0.04796613653405653,0.0,0.0
global,408,0.5360616018740734,0.06043511865465779,0.4654792648833752,0.0,0.0
global,409,0.459127750790241,0.008999109817399561,0.09005335086535109,0.0,0.0
global,410,0.437202129067478,0.05004993275568867,0.13636574087909428,0.0,0.0
global,411,0.5045386979901739,0.40136605201710124,0.0493328177815777,0.0,0.0
global,412,0.4090890022599664,0.6403231705167238,0.21566006067667734,0.0,0.0
global,413,0.43596724160395833,0.01382476657704069,0.040026130131067164,0.0,0.0
global,414,0.536499389954982,0.005161255396003374,0.31983721020859057,0.0,0.0
global,415,0.3766141866551728,0.2003339483463304,0.12060924842922781,0.0,0.0
global,416,0.42348170668632273,0.21779876426690797,0.18676423574671178,0.0,0.0
global,417,0.45991480559561887,0.004687526411240211,0.036045854103271935,0.0,0.0
global,418,0.5357232908083491,0.015199978721504004,0.33961585079792095,0.0,0.0
global,419,0.3890616679958146,0.5881199973351259,0.12319477174885557,0.0,0.0
global,420,0.5335372111236196,0.3650516208547808,0.45603326114036985,0.0,0.0
global,421,0.3966125811647731,0.05449235613496336,0.08442928125604697,0.0,0.0
global,422,0.5036916863555052,0.008277513039653791,0.1511379620765773,0.0,0.0
global,423,0.3792711926535177,0.06654297051412632,0.05715412774822793,0.0,0.0
global,424,0.517381803627958,0.08379561512529339,0.2809248130432885,0.0,0.0
global,425,0.4607146376685039,0.012199180975108333,0.10702437237686988,0.0,0.0
global,426,0.5114548977557649,0.03303988399128956,0.2260078578156003,0.0,0.0
global,427,0.4736154060521625,0.2710044634577074,0.04150646181831192,0.0,0.0
global,428,0.398501463791716,0.9698953595380231,0.18147631533975972,0.0,0.0
global,429,0.42697106319366507,0.02047665313265667,0.06632714286834174,0.0,0.0
global,430,0.5365338712741026,0.003722740432090173,0.38017384820647454,0.0,0.0
global,431,0.3746399445033373,0.14777006165257225,0.0727779463093261,0.0,0.0
global,432,0.5345377519769958,0.1247286581522118,0.4182723182311525,0.0,0.0
global,433,0.46617821533761666,0.004416795921306532,0.0780571983688538,0.0,0.0
global,434,0.48084294161189495,0.024217305315515292,0.16475653007740546,0.0,0.0
global,435,0.574710887800813,0.8212824163674043,0.061829526041858485,0.0,0.0
global,436,0.4526740626534302,0.31381651147837664,0.23853791842116254,0.0,0.0
global,437,0.40976798056964336,0.028490801166681456,0.046405759412175056,0.0,0.0
global,438,0.5340002527660823,0.010545801370091692,0.2658591748532321,0.0,0.0
global,439,0.38160272741038126,0.09679390838791772,0.09570804398355034,0.0,0.0
global,440,0.4253831564448422,0.07861389261098564,0.14317715671252867,0.0,0.0
global,441,0.45376746915082944,0.006996306822394501,0.05112783248538939,0.0,0.0
global,442,0.5362284335899301,0.045946287292229604,0.4817926891225935,0.0,0.0
global,443,0.3928655739638287,0.4323291246031659,0.09442828335728286,0.0,0.0
global,444,0.4864447368892834,0.5093131847396605,0.30862850137188436,0.0,0.0
global,445,0.45657608794422655,0.017577170935800693,0.1148825700264386,0.0,0.0
global,446,0.5312687150885653,0.005437733283870607,0.20568603847939626,0.0,0.0
global,447,0.43008775409353955,0.1880247967145749,0.03867380641723009,0.0,0.0
global,448,0.39673659321479043,0.19262728205202556,0.15505707317100734,0.0,0.0
global,449,0.45746148923471575,0.005864694799567118,0.05567451444751287,0.0,0.0
global,450,0.5363181519510685,0.01874514995021922,0.4447322684674568,0.0,0.0
global,451,0.4175003899237151,0.5159636305542208,0.08674523985616,0.0,0.0
global,452,0.5100097112305759,0.4240761833642519,0.3346588956327864,0.0,0.0
global,453,0.4338534909148481,0.04335577359191821,0.12526580618838004,0.0,0.0
global,454,0.5260610111928188,0.006528251036359013,0.1896265572204262,0.0,0.0
global,455,0.3844212846357413,0.07625021982609022,0.03547943803370301,0.0,0.0
global,456,0.5332915146671773,0.1038727832221448,0.38173661810168047,0.0,0.0
global,457,0.4485092451395648,0.010888717989306592,0.07233750451458525,0.0,0.0
global,458,0.48606007011367325,0.02908930250731688,0.180583159998098,0.0,0.0
global,459,0.41798504224612004,0.3329982431550116,0.06669712991179431,0.0,0.0
global,460,0.4057347246211327,0.7690788012348098,0.2179946640897817,0.0,0.0
global,461,0.4161713992291217,0.023870014584127276,0.04305925792504017,0.0,0.0
global,462,0.5365915722564042,0.004304737055584631,0.29100934118204175,0.0,0.0
global,463,0.37975185910947784,0.11549842662473339,0.1031124650695177,0.0,0.0
global,464,0.48967993392101683,0.14332553104468362,0.25897904307742187,0.0,0.0
global,465,0.47886492237393574,0.0034736488402276455,0.09818888496381417,0.0,0.0
global,466,0.5271351264085232,0.019322360623091055,0.245078549934868,0.0,0.0
global,467,0.6868027961705293,0.9513911636363834,0.04525626299487743,0.0,0.0
global,468,0.39332346029775045,0.2745400900940704,0.1675244551756482,0.0,0.0
global,469,0.4036798707174799,0.03523495835800496,0.06092773343751817,0.0,0.0
global,470,0.5363202419859145,0.013157186514205142,0.41170360287138325,0.0,0.0
global,471,0.3786348551613699,0.08584769843268002,0.07925273751166262,0.0,0.0
global,472,0.4771215022617038,0.06161793775687184,0.20443931252059094,0.0,0.0
global,473,0.45003690468751034,0.008067416432560632,0.03883315085952109,0.0,0.0
global,474,0.5295846616260181,0.05371150189730427,0.31035344093932454,0.0,0.0
global,475,0.37840001621776537,0.34185134342041995,0.11431593144456816,0.0,0.0
global,476,0.5340020675701396,0.6240615201872496,0.4998223953427345,0.0,0.0
global,477,0.4476675941401497,0.015519108993264483,0.0910793117706854,0.0,0.0
global,478,0.5035639235770336,0.0048400024830011,0.1379424977038106,0.0,0.0
global,479,0.40927648499378916,0.23372975098517573,0.05296370268414573,0.0,0.0
global,480,0.5338458033708786,0.2122803668096683,0.43135289246891256,0.0,0.0
global,481,0.4652375842317685,0.005262282585575521,0.08219050757658056,0.0,0.0
global,482,0.4854461670795216,0.014254275227296132,0.14710707395966585,0.0,0.0
global,483,0.5770967697865628,0.686186368645524,0.05406950330107668,0.0,0.0
global,484,0.4143336231569481,0.37218608799980624,0.20011582436916497,0.0,0.0
global,485,0.39004049646763084,0.0488487906246057,0.03657748893003285,0.0,0.0
global,486,0.5362429249942204,0.008882545503498051,0.34456687922588874,0.0,0.0
global,487,0.4289865161131591,0.05667315312010694,0.13202402691183387,0.0,0.0
global,488,0.4411550392778432,0.09346534358049735,0.17065841136488039,0.0,0.0
global,489,0.4439050928636181,0.01196599058684485,0.06485850241676133,0.0,0.0
global,490,0.5351454977100257,0.03879516668822572,0.37169769421441634,0.0,0.0
global,491,0.38824521300533155,0.25250901216318333,0.0684503277412617,0.0,0.0
global,492,0.4659284949525585,0.8640849412651219,0.29923609403997037,0.0,0.0
global,493,0.44858494834735835,0.021008268291609407,0.10909966362657973,0.0,0.0
global,494,0.5360963719833612,0.0031905296073209276,0.23035193526236525,0.0,0.0
global,495,0.3996373485950846,0.15759293764662316,0.044219313383618286,0.0,0.0
global,496,0.48826524970945756,0.12716538219707155,0.25233563833381656,0.0,0.0
global,497,0.46251185652346266,0.003959378117653849,0.047697636033532664,0.0,0.0
global,498,0.5295250770243094,0.025987624817806896,0.27330591301658685,0.0,0.0
global,499,0.4130681067233058,0.6994655042148006,0.10122719710482132,0.0,0.0
global,500,0.5294206832047307,0.30586461691232597,0.390593047627616,0.0,0.0
global,501,0.41446438211365977,0.03198446192817477,0.07696840482937498,0.0,0.0
global,502,0.5074961713429044,0.009889690849588198,0.16248383208069278,0.0,0.0
global,503,0.37461744808279485,0.11293283156160665,0.05772890291700137,0.0,0.0
global,504,0.5303694889757438,0.07003689879669787,0.3279478879740407,0.0,0.0
global,505,0.47982893184145875,0.0071779610477807135,0.1173951294719859,0.0,0.0
global,506,0.4968297637635952,0.03937806718579884,0.21021985441049326,0.0,0.0
global,507,0.5809248801941569,0.4610667686318509,0.04108778580771282,0.0,0.0
global,508,0.3866011092822949,0.568084339084193,0.1343141781792342,0.0,0.0
global,509,0.42943225313768446,0.017241306114558156,0.0501178558105962,0.0,0.0
global,510,0.5364407453825372,0.0063849636046177365,0.47234996767144544,0.0,0.0
global,511,0.3763399490353664,0.1751912305638321,0.08856898035369688,0.0,0.0
local,0,0.39516328278602914,0.04521980380861471,0.06507463951445423,0.0,0.0
local,1,0.3793097960051968,0.19069033151819312,0.06507463951445423,0.0,0.0
local,2,0.3781231258451911,0.09285999881247249,0.04667120628328415,0.0,0.0
local,3,0.380880002082621,0.09285999881247249,0.09073493155999439,0.0,0.0
local,4,0.3814180676002713,0.06480054728139417,0.06507463951445423,0.0,0.0
local,5,0.37426622894107836,0.1330695455704625,0.06507463951445423,0.0,0.0
local,6,0.3745452751332938,0.09285999881247249,0.055109998408541506,0.0,0.0
local,7,0.37621280564986787,0.09285999881247249,0.07684102395618704,0.0,0.0
local,8,0.3767973055941082,0.07757176511848773,0.06507463951445423,0.0,0.0
local,9,0.373792924409544,0.11116131451026208,0.06507463951445423,0.0,0.0
local,10,0.37391108001938084,0.09285999881247249,0.05988541792521769,0.0,0.0
local,11,0.3747539408300493,0.09285999881247249,0.07071352016319378,0.0,0.0
local,12,0.3740219453309049,0.09285999881247249,0.06507463951445423,0.0,0.0
local,13,0.37426622894107836,0.1330695455704625,0.06507463951445423,0.0,0.0
local,14,0.3741142699324346,0.11116131451026208,0.05988541792521769,0.0,0.0
local,15,0.37421741469480907,0.11116131451026208,0.07071352016319378,0.0,0.0
local,16,0.3738291445735397,0.10159940715090722,0.06507463951445423,0.0,0.0
local,17,0.3739323268892102,0.12162312940759186,0.06507463951445423,0.0,0.0
local,18,0.37384905953873915,0.11116131451026208,0.06242613221765366,0.0,0.0
local,19,0.37392392099848787,0.11116131451026208,0.06783551306961513,0.0,0.0
local,20,0.37379027162637657,0.10627287354898317,0.06507463951445423,0.0,0.0
local,21,0.37383948537679623,0.11627461863966539,0.06507463951445423,0.0,0.0
local,22,0.37379615357281465,0.11116131451026208,0.06373663036547719,0.0,0.0
local,23,0.37383651813124563,0.11116131451026208,0.06644073719701832,0.0,0.0
local,24,0.3738291445735397,0.10159940715090722,0.06507463951445423,0.0,0.0
local,25,0.373792924409544,0.11116131451026208,0.06507463951445423,0.0,0.0
local,26,0.37376649200394885,0.10627287354898317,0.06373663036547719,0.0,0.0
local,27,0.3738588038206807,0.10627287354898317,0.06644073719701832,0.0,0.0
local,28,0.37378058653947255,0.10159940715090722,0.06373663036547719,0.0,0.0
local,29,0.37379615357281465,0.11116131451026208,0.06373663036547719,0.0,0.0
local,30,0.3737901750022882,0.10627287354898317,0.06242613221765366,0.0,0.0
local,31,0.37379027162637657,0.10627287354898317,0.06507463951445423,0.0,0.0
local,32,0.37376822457600545,0.10390986935224208,0.06373663036547719,0.0,0.0
local,33,0.37377569850356424,0.1086896145935196,0.06373663036547719,0.0,0.0
local,34,0.3737722385373091,0.10627287354898317,0.06307797804545576,0.0,0.0
local,35,0.37377261420084007,0.10627287354898317,0.06440216025025437,0.0,0.0
local,36,0.37376601026046236,0.10508472965261026,0.06373663036547719,0.0,0.0
local,37,0.3737697085181865,0.10747445123276891,0.06373663036547719,0.0,0.0
local,38,0.3737678613000039,0.10627287354898317,0.06340644896920895,0.0,0.0
local,39,0.3737680900822421,0.10627287354898317,0.06406853114133873,0.0,0.0
local,40,0.37376822457600545,0.10390986935224208,0.06373663036547719,0.0,0.0
local,41,0.37376649200394885,0.10627287354898317,0.06373663036547719,0.0,0.0
local,42,0.3737656966029376,0.10508472965261026,0.06340644896920895,0.0,0.0
local,43,0.3737692575686123,0.10508472965261026,0.06406853114133873,0.0,0.0
local,44,0.37376626331096774,0.10390986935224208,0.06340644896920895,0.0,0.0
local,45,0.3737678613000039,0.10627287354898317,0.06340644896920895,0.0,0.0
local,46,0.3737683566120855,0.10508472965261026,0.06307797804545576,0.0,0.0
local,47,0.37376601026046236,0.10508472965261026,0.06373663036547719,0.0,0.0
local,48,0.3737656409738438,0.10449564837407542,0.06340644896920895,0.0,0.0
local,49,0.3737664350833685,0.10567713180390984,0.06340644896920895,0.0,0.0
local,50,0.37376665242926443,0.10508472965261026,0.06324200025315513,0.0,0.0
local,51,0.37376548420591743,0.10508472965261026,0.06357132530267057,0.0,0.0
local,52,0.3737658447849314,0.10449564837407542,0.06357132530267057,0.0,0.0
local,53,0.3737658020490188,0.10567713180390984,0.06357132530267057,0.0,0.0
local,54,0.3737656966029376,0.10508472965261026,0.06340644896920895,0.0,0.0
local,55,0.37376601026046236,0.10508472965261026,0.06373663036547719,0.0,0.0
local,56,0.37376557999654786,0.10478977507020396,0.06357132530267057,0.0,0.0
local,57,0.3737655580208188,0.10538051445156797,0.06357132530267057,0.0,0.0
local,58,0.37376549778570445,0.10508472965261026,0.0634888336143354,0.0,0.0
local,59,0.37376565523979044,0.10508472965261026,0.06365392417329682,0.0,0.0
local,60,0.3737655109385271,0.1049371487301338,0.06357132530267057,0.0,0.0
local,61,0.3737654998746909,0.10523251812912209,0.06357132530267057,0.0,0.0
local,62,0.37376546788004433,0.10508472965261026,0.06353006606941347,0.0,0.0
local,63,0.3737655466852538,0.10508472965261026,0.0636126113314976,0.0,0.0
local,64,0.373765468595425,0.1049371487301338,0.06353006606941347,0.0,0.0
local,65,0.37376550963512456,0.10523251812912209,0.06353006606941347,0.0,0.0
local,66,0.37376549778570445,0.10508472965261026,0.0634888336143354,0.0,0.0
local,67,0.37376548420591743,0.10508472965261026,0.06357132530267057,0.0,0.0
local,68,0.37376546293368085,0.10501091326534526,0.06353006606941347,0.0,0.0
local,69,0.373765483444023,0.1051585979283777,0.06353006606941347,0.0,0.0
local,70,0.3737654770490608,0.10508472965261026,0.06350944649568856,0.0,0.0
local,71,0.37376547026891405,0.10508472965261026,0.06355069233768298,0.0,0.0
local,72,0.373765468595425,0.1049371487301338,0.06353006606941347,0.0,0.0
local,73,0.37376546788004433,0.10508472965261026,0.06353006606941347,0.0,0.0
local,74,0.3737654655816719,0.10501091326534526,0.06350944649568856,0.0,0.0
local,75,0.37376547183530423,0.10501091326534526,0.06355069233768298,0.0,0.0
local,76,0.37376546443913367,0.10497402451850989,0.06353006606941347,0.0,0.0
local,77,0.3737654640802548,0.10504781497519361,0.06353006606941347,0.0,0.0
local,78,0.37376546281336603,0.10501091326534526,0.06351975544586876,0.0,0.0
local,79,0.3737654659413995,0.10501091326534526,0.06354037836659432,0.0,0.0
local,80,0.3737654626906991,0.10497402451850989,0.06351975544586876,0.0,0.0
local,81,0.3737654655891393,0.10504781497519361,0.06351975544586876,0.0,0.0
local,82,0.3737654655816719,0.10501091326534526,0.06350944649568856,0.0,0.0
local,83,0.37376546293368085,0.10501091326534526,0.06353006606941347,0.0,0.0
local,84,0.3737654652199499,0.1049371487301338,0.06351975544586876,0.0,0.0
local,85,0.37376546281336603,0.10501091326534526,0.06351975544586876,0.0,0.0
local,86,0.3737654638298513,0.10497402451850989,0.06350944649568856,0.0,0.0
local,87,0.37376546443913367,0.10497402451850989,0.06353006606941347,0.0,0.0
local,88,0.37376546362390906,0.10495558500479897,0.06351975544586876,0.0,0.0
local,89,0.3737654624204685,0.10499246727183559,0.06351975544586876,0.0,0.0
local,90,0.37376546289925094,0.10497402451850989,0.06351460076162506,0.0,0.0
local,91,0.37376546320404413,0.10497402451850989,0.06352491054845358,0.0,0.0
local,92,0.3737654626906991,0.10497402451850989,0.06351975544586876,0.0,0.0
local,93,0.37376546281336603,0.10501091326534526,0.06351975544586876,0.0,0.0
local,94,0.37376546303617664,0.10499246727183559,0.06351460076162506,0.0,0.0
local,95,0.37376546252678644,0.10499246727183559,0.06352491054845358,0.0,0.0
local,96,0.3737654624727021,0.10498324549018531,0.06351975544586876,0.0,0.0
local,97,0.373765462534017,0.10500168986353185,0.06351975544586876,0.0,0.0
local,98,0.3737654626380599,0.10499246727183559,0.06351717805145639,0.0,0.0
local,99,0.37376546238338376,0.10499246727183559,0.06352233294486641,0.0,0.0
local,100,0.3737654625373906,0.10498324549018531,0.06352233294486641,0.0,0.0
local,101,0.373765462395142,0.10500168986353185,0.06352233294486641,0.0,0.0
local,102,0.3737654624204685,0.10499246727183559,0.06351975544586876,0.0,0.0
local,103,0.37376546252678644,0.10499246727183559,0.06352491054845358,0.0,0.0
local,104,0.3737654624396677,0.10498785627975915,0.06352233294486641,0.0,0.0
local,105,0.3737654623685411,0.10499707846642352,0.06352233294486641,0.0,0.0
local,106,0.37376546237936403,0.10499246727183559,0.06352104418229415,0.0,0.0
local,107,0.3737654624325253,0.10499246727183559,0.06352362173358603,0.0,0.0
local,108,0.37376546238338376,0.10499246727183559,0.06352233294486641,0.0,0.0
local,109,0.373765462395142,0.10500168986353185,0.06352233294486641,0.0,0.0
local,110,0.3737654623899669,0.10499707846642352,0.06352104418229415,0.0,0.0
local,111,0.3737654623922392,0.10499707846642352,0.06352362173358603,0.0,0.0
local,112,0.3737654623707821,0.10499477284381506,0.06352233294486641,0.0,0.0
local,113,0.373765462376661,0.10499938413966209,0.06352233294486641,0.0,0.0
local,114,0.3737654623736133,0.10499707846642352,0.06352168856031189,0.0,0.0
local,115,0.3737654623747497,0.10499707846642352,0.06352297733595776,0.0,0.0
local,116,0.37376546236836655,0.10499592564879061,0.06352233294486641,0.0,0.0
local,117,0.3737654623713059,0.10499823129671397,0.06352233294486641,0.0,0.0
local,118,0.3737654623696671,0.10499707846642352,0.06352201075177205,0.0,0.0
local,119,0.37376546237023534,0.10499707846642352,0.06352265513959497,0.0,0.0
local,120,0.37376546236813,0.10499650205602488,0.06352233294486641,0.0,0.0
local,121,0.3737654623695996,0.10499765487998655,0.06352233294486641,0.0,0.0
local,122,0.3737654623687516,0.10499707846642352,0.06352217184811494,0.0,0.0
local,123,0.37376546236903574,0.10499707846642352,0.06352249404202641,0.0,0.0
local,124,0.3737654623682546,0.10499679026082866,0.06352233294486641,0.0,0.0
local,125,0.37376546236898955,0.10499736667280948,0.06352233294486641,0.0,0.0
local,126,0.3737654623685582,0.10499707846642352,0.0635222523964396,0.0,0.0
local,127,0.37376546236870023,0.10499707846642352,0.06352241349339534,0.0,0.0
