model,condition_id,predicted_um,prediction_interval_low_um,prediction_interval_high_um,design_leverage,residual_sd_log,interval_level
environmental_state_closure,single_colony_size_maximum,340.51362263342315,160.35239555302607,723.0919550596584,0.7916666666666666,0.2188677510997325,0.95
environmental_state_closure,triple_response_optimum,156.95429082672226,79.84486695629914,308.5314103209966,0.4431072916666666,0.2188677510997325,0.95
environmental_state_closure,biomass_colony_size_optimum,196.59160847199337,96.38555231578175,400.97566069844925,0.605,0.2188677510997325,0.95
environmental_state_closure,hydrocarbon_colony_size_optimum,199.35946869858302,107.3942834362035,370.0774053154416,0.20891851851851861,0.2188677510997325,0.95
uniform_washout_null,single_colony_size_maximum,163.05043350931297,61.26177883148134,433.96460851562966,0.1111111111111111,0.3612681203786171,0.95
uniform_washout_null,triple_response_optimum,163.05043350931297,61.26177883148134,433.96460851562966,0.1111111111111111,0.3612681203786171,0.95
uniform_washout_null,biomass_colony_size_optimum,163.05043350931297,61.26177883148134,433.96460851562966,0.1111111111111111,0.3612681203786171,0.95
uniform_washout_null,hydrocarbon_colony_size_optimum,163.05043350931297,61.26177883148134,433.96460851562966,0.1111111111111111,0.3612681203786171,0.95
constant_mean_baseline,single_colony_size_maximum,163.05043350931297,61.26177883148134,433.96460851562966,0.1111111111111111,0.3612681203786171,0.95
constant_mean_baseline,triple_response_optimum,163.05043350931297,61.26177883148134,433.96460851562966,0.1111111111111111,0.3612681203786171,0.95
constant_mean_baseline,biomass_colony_size_optimum,163.05043350931297,61.26177883148134,433.96460851562966,0.1111111111111111,0.3612681203786171,0.95
constant_mean_baseline,hydrocarbon_colony_size_optimum,163.05043350931297,61.26177883148134,433.96460851562966,0.1111111111111111,0.3612681203786171,0.95
