model,days,n_prominent_modes,small_mode_peak_um,large_mode_peak_um,small_volume_fraction,large_residual_fraction,topology_pass
one_state_collapsed_limit,0.0,1,nan,369.37523489595145,0.16170380427045353,0.6790397201275948,False
one_state_collapsed_limit,2.0,1,nan,369.37523489595145,0.16268989605089945,0.6751016958356043,False
one_state_collapsed_limit,4.0,1,nan,369.37523489595145,0.16369673247467292,0.6711409176254787,False
one_state_collapsed_limit,6.0,1,nan,369.37523489595145,0.16472449445009815,0.667158266125134,False
one_state_collapsed_limit,10.0,1,nan,369.37523489595145,0.16684346430110167,0.6591308333411047,False
one_state_collapsed_limit,20.0,1,nan,320.8762616645296,0.17251769033189768,0.6387397999466546,False
structured_memory_biological_kernel,0.0,1,nan,369.37523489595145,0.16170380427045353,0.6790397201275948,False
structured_memory_biological_kernel,2.0,1,nan,369.37523489595145,0.2269674061221097,0.6093180585467707,False
structured_memory_biological_kernel,4.0,2,90.39947813544373,320.8762616645296,0.3235755651198822,0.5079498088255461,True
structured_memory_biological_kernel,6.0,2,78.53002545960211,278.7452042603958,0.3612254469246917,0.4674832837557539,True
structured_memory_biological_kernel,10.0,2,78.53002545960211,278.7452042603958,0.37034784988388936,0.4540691853361686,True
structured_memory_biological_kernel,20.0,2,78.53002545960211,278.7452042603958,0.3777474904569835,0.43641359906168536,True
