model,days,diameter_um,volume_percent
medium_light_initial,0.0,1.0,2.4009734327852066e-12
medium_light_initial,0.0,1.151145407204122,8.971251957736786e-12
medium_light_initial,0.0,1.3251357485271442,3.249931270998718e-11
medium_light_initial,0.0,1.5254239308390185,1.1414337839214731e-10
medium_light_initial,0.0,1.7559847520245946,3.8867149571767576e-10
medium_light_initial,0.0,2.0213937824135813,1.2831283007246919e-09
medium_light_initial,0.0,2.3269181687763627,4.106888379219323e-09
medium_light_initial,0.0,2.6786211629267362,1.2744157732413268e-08
medium_light_initial,0.0,3.083482449342877,3.8341120421528194e-08
medium_light_initial,0.0,3.54953665975557,1.1183400675033151e-07
medium_light_initial,0.0,4.086032823580285,3.1625572291490765e-07
medium_light_initial,0.0,4.703617918549736,8.670783143201084e-07
medium_light_initial,0.0,5.414548164181541,2.304802303240973e-06
medium_light_initial,0.0,6.232932251283093,5.93969927173809e-06
medium_light_initial,0.0,7.175011334478982,1.4840572610960574e-05
medium_light_initial,0.0,8.259481344323,3.594945264899437e-05
medium_light_initial,0.0,9.507864015405548,8.442854984036913e-05
medium_light_initial,0.0,10.944933993655441,0.00019223913358375148
medium_light_initial,0.0,12.599210498948727,0.00042437490487205005
medium_light_initial,0.0,14.503523300262788,0.0009082659041496162
medium_light_initial,0.0,16.695664235375478,0.0018846545248412821
medium_light_initial,0.0,19.219137204774608,0.0037914550797039674
medium_light_initial,0.0,22.12402152370215,0.007394954420805284
medium_light_initial,0.0,25.467965765894885,0.013983648904744761
medium_light_initial,0.0,29.3173318222417,0.025636630523754367
medium_light_initial,0.0,33.7485118786528,0.045567667700370844
medium_light_initial,0.0,38.84944444908492,0.07852502439033668
medium_light_initial,0.0,44.721359549995796,0.13119424438880678
medium_light_initial,0.0,51.480787649901856,0.21250879483370572
medium_light_initial,0.0,59.261872262435226,0.33372939208060065
medium_light_initial,0.0,68.21903207721965,0.5081213339293732
medium_light_initial,0.0,78.53002545960211,0.7500596880213942
medium_light_initial,0.0,90.39947813544373,1.0734446195208802
medium_light_initial,0.0,104.06294406926548,1.489425843936894
medium_light_initial,0.0,119.79158012547443,2.003611659350673
medium_light_initial,0.0,137.89752728316452,2.613145779803796
medium_light_initial,0.0,158.74010519681985,3.3042214775187366
medium_light_initial,0.0,182.73294303641842,4.050700040969714
medium_light_initial,0.0,210.35218812126558,4.814447354796886
medium_light_initial,0.0,242.14595525113245,5.54776713010925
medium_light_initial,0.0,278.7452042603958,6.197912307600763
medium_light_initial,0.0,320.8762616645296,6.713176329598088
medium_light_initial,0.0,369.37523489595145,7.049626453480257
medium_light_initial,0.0,425.2046051854184,7.177274870899276
medium_light_initial,0.0,489.47232838123614,7.084488111473227
medium_light_initial,0.0,563.453822769568,6.779736203339576
medium_light_initial,0.0,648.6172802527938,6.290317102674478
medium_light_initial,0.0,746.6528031962328,5.658322618747191
medium_light_initial,0.0,859.505945175426,4.934672051160988
medium_light_initial,0.0,989.4163212533298,4.172384357262315
medium_light_initial,0.0,1138.9620540235692,3.4203121617969483
medium_light_initial,0.0,1311.1109374690038,2.718332665517926
medium_light_initial,0.0,1509.2793340025353,2.094570036320524
medium_light_initial,0.0,1737.3999735251152,1.564741468093799
medium_light_initial,0.0,2000.0000000000005,1.133302172020084
low_light_reconstruction_mean,20.0,1.0,3.8704967296887695e-13
low_light_reconstruction_mean,20.0,1.151145407204122,1.5486997942610435e-12
low_light_reconstruction_mean,20.0,1.3251357485271442,5.998303166199525e-12
low_light_reconstruction_mean,20.0,1.5254239308390185,2.24884251908386e-11
low_light_reconstruction_mean,20.0,1.7559847520245946,8.161827065935965e-11
low_light_reconstruction_mean,20.0,2.0213937824135813,2.868123993400159e-10
low_light_reconstruction_mean,20.0,2.3269181687763627,9.763963358385553e-10
low_light_reconstruction_mean,20.0,2.6786211629267362,3.2246465488753245e-09
low_light_reconstruction_mean,20.0,3.083482449342877,1.0366322699627526e-08
low_light_reconstruction_mean,20.0,3.54953665975557,3.267591835467047e-08
low_light_reconstruction_mean,20.0,4.086032823580285,1.0241963668981167e-07
low_light_reconstruction_mean,20.0,4.703617918549736,3.2642261207734187e-07
low_light_reconstruction_mean,20.0,5.414548164181541,1.085524147916274e-06
low_light_reconstruction_mean,20.0,6.232932251283093,3.823123539359152e-06
low_light_reconstruction_mean,20.0,7.175011334478982,1.411745603586426e-05
low_light_reconstruction_mean,20.0,8.259481344323,5.2968037900490985e-05
low_light_reconstruction_mean,20.0,9.507864015405548,0.0001947917326411978
low_light_reconstruction_mean,20.0,10.944933993655441,0.0006825087256776789
low_light_reconstruction_mean,20.0,12.599210498948727,0.0022367513527488227
low_light_reconstruction_mean,20.0,14.503523300262788,0.006782083127364393
low_light_reconstruction_mean,20.0,16.695664235375478,0.01890828276627648
low_light_reconstruction_mean,20.0,19.219137204774608,0.04830268696088737
low_light_reconstruction_mean,20.0,22.12402152370215,0.1128426628635859
low_light_reconstruction_mean,20.0,25.467965765894885,0.24082053177624474
low_light_reconstruction_mean,20.0,29.3173318222417,0.4692460317154201
low_light_reconstruction_mean,20.0,33.7485118786528,0.8346903910926986
low_light_reconstruction_mean,20.0,38.84944444908492,1.3556249993648999
low_light_reconstruction_mean,20.0,44.721359549995796,2.0112979290038813
low_light_reconstruction_mean,20.0,51.480787649901856,2.7289896083799245
low_light_reconstruction_mean,20.0,59.261872262435226,3.392837025164819
low_light_reconstruction_mean,20.0,68.21903207721965,3.8785514047793828
low_light_reconstruction_mean,20.0,78.53002545960211,4.102082549322572
low_light_reconstruction_mean,20.0,90.39947813544373,4.0577362069395
low_light_reconstruction_mean,20.0,104.06294406926548,3.823692140843375
low_light_reconstruction_mean,20.0,119.79158012547443,3.5308117091892415
low_light_reconstruction_mean,20.0,137.89752728316452,3.3116784365123255
low_light_reconstruction_mean,20.0,158.74010519681985,3.255904257912798
low_light_reconstruction_mean,20.0,182.73294303641842,3.389963269826191
low_light_reconstruction_mean,20.0,210.35218812126558,3.6833577418545795
low_light_reconstruction_mean,20.0,242.14595525113245,4.07025782219436
low_light_reconstruction_mean,20.0,278.7452042603958,4.473231986017062
low_light_reconstruction_mean,20.0,320.8762616645296,4.820846681627652
low_light_reconstruction_mean,20.0,369.37523489595145,5.057472733616779
low_light_reconstruction_mean,20.0,425.2046051854184,5.147325192782347
low_light_reconstruction_mean,20.0,489.47232838123614,5.075182023552925
low_light_reconstruction_mean,20.0,563.453822769568,4.845130828346778
low_light_reconstruction_mean,20.0,648.6172802527938,4.477728112529331
low_light_reconstruction_mean,20.0,746.6528031962328,4.005710878361587
low_light_reconstruction_mean,20.0,859.505945175426,3.468663590724706
low_light_reconstruction_mean,20.0,989.4163212533298,2.90738698181688
low_light_reconstruction_mean,20.0,1138.9620540235692,2.3588529107968617
low_light_reconstruction_mean,20.0,1311.1109374690038,1.8524907805770763
low_light_reconstruction_mean,20.0,1509.2793340025353,1.4082131023686995
low_light_reconstruction_mean,20.0,1737.3999735251152,1.036186255609999
low_light_reconstruction_mean,20.0,2000.0000000000005,0.7380136472439163
one_state_collapsed_limit,0.0,1.0,0.0
one_state_collapsed_limit,0.0,1.151145407204122,0.0
one_state_collapsed_limit,0.0,1.3251357485271442,0.0
one_state_collapsed_limit,0.0,1.5254239308390185,0.0
one_state_collapsed_limit,0.0,1.7559847520245946,0.0
one_state_collapsed_limit,0.0,2.0213937824135813,0.0
one_state_collapsed_limit,0.0,2.3269181687763627,0.0
one_state_collapsed_limit,0.0,2.6786211629267362,0.0
one_state_collapsed_limit,0.0,3.083482449342877,0.0
one_state_collapsed_limit,0.0,3.54953665975557,0.0
one_state_collapsed_limit,0.0,4.086032823580285,0.0
one_state_collapsed_limit,0.0,4.703617918549736,0.0
one_state_collapsed_limit,0.0,5.414548164181541,4.58557222348843e-06
one_state_collapsed_limit,0.0,6.232932251283093,5.594182009429984e-06
one_state_collapsed_limit,0.0,7.175011334478982,1.3609524472271066e-05
one_state_collapsed_limit,0.0,8.259481344323,4.5072145669889e-05
one_state_collapsed_limit,0.0,9.507864015405548,9.104948241857011e-05
one_state_collapsed_limit,0.0,10.944933993655441,0.00020299704668040694
one_state_collapsed_limit,0.0,12.599210498948727,0.00043944191404065474
one_state_collapsed_limit,0.0,14.503523300262788,0.0009236240127743188
one_state_collapsed_limit,0.0,16.695664235375478,0.0018847490089630057
one_state_collapsed_limit,0.0,19.219137204774608,0.003733874059051581
one_state_collapsed_limit,0.0,22.12402152370215,0.007181217393817499
one_state_collapsed_limit,0.0,25.467965765894885,0.013407715799823859
one_state_collapsed_limit,0.0,29.3173318222417,0.02430064854515535
one_state_collapsed_limit,0.0,33.7485118786528,0.04275408371993628
one_state_collapsed_limit,0.0,38.84944444908492,0.07301748098255746
one_state_collapsed_limit,0.0,44.721359549995796,0.12104896344953175
one_state_collapsed_limit,0.0,51.480787649901856,0.25508082990192754
one_state_collapsed_limit,0.0,59.261872262435226,0.3366617647031422
one_state_collapsed_limit,0.0,68.21903207721965,0.5071849233901073
one_state_collapsed_limit,0.0,78.53002545960211,0.7417685648034762
one_state_collapsed_limit,0.0,90.39947813544373,1.0531477499233721
one_state_collapsed_limit,0.0,104.06294406926548,1.4515104245298323
one_state_collapsed_limit,0.0,119.79158012547443,1.9420229850249089
one_state_collapsed_limit,0.0,137.89752728316452,2.522247275650884
one_state_collapsed_limit,0.0,158.74010519681985,3.1799349599699425
one_state_collapsed_limit,0.0,182.73294303641842,3.891766242308633
one_state_collapsed_limit,0.0,210.35218812126558,4.623557225141217
one_state_collapsed_limit,0.0,242.14595525113245,5.332268439793912
one_state_collapsed_limit,0.0,278.7452042603958,5.969821895260045
one_state_collapsed_limit,0.0,320.8762616645296,8.090251499149485
one_state_collapsed_limit,0.0,369.37523489595145,6.913077576638838
one_state_collapsed_limit,0.0,425.2046051854184,7.033573764502547
one_state_collapsed_limit,0.0,489.47232838123614,6.946772278712963
one_state_collapsed_limit,0.0,563.453822769568,6.660298028171229
one_state_collapsed_limit,0.0,648.6172802527938,6.1988535600298915
one_state_collapsed_limit,0.0,746.6528031962328,5.600695480427086
one_state_collapsed_limit,0.0,859.505945175426,4.9123941060283
one_state_collapsed_limit,0.0,989.4163212533298,4.1828728256306436
one_state_collapsed_limit,0.0,1138.9620540235692,3.4577798443040426
one_state_collapsed_limit,0.0,1311.1109374690038,2.775065875217602
one_state_collapsed_limit,0.0,1509.2793340025353,2.1622964452209525
one_state_collapsed_limit,0.0,1737.3999735251152,1.6358050806071833
one_state_collapsed_limit,0.0,2000.0000000000005,1.334235648118721
one_state_collapsed_limit,2.0,1.0,0.0
one_state_collapsed_limit,2.0,1.151145407204122,0.0
one_state_collapsed_limit,2.0,1.3251357485271442,0.0
one_state_collapsed_limit,2.0,1.5254239308390185,0.0
one_state_collapsed_limit,2.0,1.7559847520245946,0.0
one_state_collapsed_limit,2.0,2.0213937824135813,0.0
one_state_collapsed_limit,2.0,2.3269181687763627,0.0
one_state_collapsed_limit,2.0,2.6786211629267362,0.0
one_state_collapsed_limit,2.0,3.083482449342877,0.0
one_state_collapsed_limit,2.0,3.54953665975557,0.0
one_state_collapsed_limit,2.0,4.086032823580285,0.0
one_state_collapsed_limit,2.0,4.703617918549736,0.0
one_state_collapsed_limit,2.0,5.414548164181541,4.5857332270999596e-06
one_state_collapsed_limit,2.0,6.232932251283093,5.594824754032553e-06
one_state_collapsed_limit,2.0,7.175011334478982,1.3610705934475137e-05
one_state_collapsed_limit,2.0,8.259481344323,4.507602134293149e-05
one_state_collapsed_limit,2.0,9.507864015405548,9.105699546864927e-05
one_state_collapsed_limit,2.0,10.944933993655441,0.0002030134795462914
one_state_collapsed_limit,2.0,12.599210498948727,0.00043947720466901906
one_state_collapsed_limit,2.0,14.503523300262788,0.0009236985854672799
one_state_collapsed_limit,2.0,16.695664235375478,0.0018849044117319395
one_state_collapsed_limit,2.0,19.219137204774608,0.003734194174455584
one_state_collapsed_limit,2.0,22.12402152370215,0.007181870710915749
one_state_collapsed_limit,2.0,25.467965765894885,0.013409039748614121
one_state_collapsed_limit,2.0,29.3173318222417,0.02430331817808112
one_state_collapsed_limit,2.0,33.7485118786528,0.0427594505788204
one_state_collapsed_limit,2.0,38.84944444908492,0.07302825854920211
one_state_collapsed_limit,2.0,44.721359549995796,0.12107062799758003
one_state_collapsed_limit,2.0,51.480787649901856,0.25514283290993384
one_state_collapsed_limit,2.0,59.261872262435226,0.33676954811347315
one_state_collapsed_limit,2.0,68.21903207721965,0.5074064908407404
one_state_collapsed_limit,2.0,78.53002545960211,0.7422310344343026
one_state_collapsed_limit,2.0,90.39947813544373,1.0541328948894915
one_state_collapsed_limit,2.0,104.06294406926548,1.4536624281124293
one_state_collapsed_limit,2.0,119.79158012547443,1.9468548866211892
one_state_collapsed_limit,2.0,137.89752728316452,2.53333364907881
one_state_collapsed_limit,2.0,158.74010519681985,3.2052237484536223
one_state_collapsed_limit,2.0,182.73294303641842,3.9451343137361436
one_state_collapsed_limit,2.0,210.35218812126558,4.715361229040521
one_state_collapsed_limit,2.0,242.14595525113245,5.444619707520896
one_state_collapsed_limit,2.0,278.7452042603958,6.060859874788226
one_state_collapsed_limit,2.0,320.8762616645296,8.151773273179009
one_state_collapsed_limit,2.0,369.37523489595145,6.922548864539197
one_state_collapsed_limit,2.0,425.2046051854184,7.023520533788064
one_state_collapsed_limit,2.0,489.47232838123614,6.922625940814405
one_state_collapsed_limit,2.0,563.453822769568,6.625272752439352
one_state_collapsed_limit,2.0,648.6172802527938,6.155978767823811
one_state_collapsed_limit,2.0,746.6528031962328,5.553193030075364
one_state_collapsed_limit,2.0,859.505945175426,4.863450749073493
one_state_collapsed_limit,2.0,989.4163212533298,4.135323348330379
one_state_collapsed_limit,2.0,1138.9620540235692,3.4138610678822405
one_state_collapsed_limit,2.0,1311.1109374690038,2.736188122000641
one_state_collapsed_limit,2.0,1509.2793340025353,2.128744008936451
one_state_collapsed_limit,2.0,1737.3999735251152,1.5951602191085434
one_state_collapsed_limit,2.0,2000.0000000000005,1.2825289055694682
one_state_collapsed_limit,4.0,1.0,0.0
one_state_collapsed_limit,4.0,1.151145407204122,0.0
one_state_collapsed_limit,4.0,1.3251357485271442,0.0
one_state_collapsed_limit,4.0,1.5254239308390185,0.0
one_state_collapsed_limit,4.0,1.7559847520245946,0.0
one_state_collapsed_limit,4.0,2.0213937824135813,0.0
one_state_collapsed_limit,4.0,2.3269181687763627,0.0
one_state_collapsed_limit,4.0,2.6786211629267362,0.0
one_state_collapsed_limit,4.0,3.083482449342877,0.0
one_state_collapsed_limit,4.0,3.54953665975557,0.0
one_state_collapsed_limit,4.0,4.086032823580285,0.0
one_state_collapsed_limit,4.0,4.703617918549736,0.0
one_state_collapsed_limit,4.0,5.414548164181541,4.585902652718218e-06
one_state_collapsed_limit,4.0,6.232932251283093,5.595477787644122e-06
one_state_collapsed_limit,4.0,7.175011334478982,1.3611912408027465e-05
one_state_collapsed_limit,4.0,8.259481344323,4.507997984114915e-05
one_state_collapsed_limit,4.0,9.507864015405548,9.106467580690595e-05
one_state_collapsed_limit,4.0,10.944933993655441,0.00020303028539015163
one_state_collapsed_limit,4.0,12.599210498948727,0.0004395133028121715
one_state_collapsed_limit,4.0,14.503523300262788,0.0009237748558601704
one_state_collapsed_limit,4.0,16.695664235375478,0.0018850632803999847
one_state_collapsed_limit,4.0,19.219137204774608,0.00373452116101368
one_state_collapsed_limit,4.0,22.12402152370215,0.007182537257356959
one_state_collapsed_limit,4.0,25.467965765894885,0.01341038843830747
one_state_collapsed_limit,4.0,29.3173318222417,0.02430603276865859
one_state_collapsed_limit,4.0,33.7485118786528,0.04276489686563871
one_state_collapsed_limit,4.0,38.84944444908492,0.07303917271555513
one_state_collapsed_limit,4.0,44.721359549995796,0.12109252178363218
one_state_collapsed_limit,4.0,51.480787649901856,0.25520533273181445
one_state_collapsed_limit,4.0,59.261872262435226,0.33687802385812876
one_state_collapsed_limit,4.0,68.21903207721965,0.5076292178607701
one_state_collapsed_limit,4.0,78.53002545960211,0.7426956139100865
one_state_collapsed_limit,4.0,90.39947813544373,1.0551226097320126
one_state_collapsed_limit,4.0,104.06294406926548,1.45582713227807
one_state_collapsed_limit,4.0,119.79158012547443,1.9517308673056173
one_state_collapsed_limit,4.0,137.89752728316452,2.5445865567697434
one_state_collapsed_limit,4.0,158.74010519681985,3.231069955122102
one_state_collapsed_limit,4.0,182.73294303641842,3.9997865472358276
one_state_collapsed_limit,4.0,210.35218812126558,4.808641385631075
one_state_collapsed_limit,4.0,242.14595525113245,5.55708754651337
one_state_collapsed_limit,4.0,278.7452042603958,6.150506057840406
one_state_collapsed_limit,4.0,320.8762616645296,8.21102597854305
one_state_collapsed_limit,4.0,369.37523489595145,6.930917370186029
one_state_collapsed_limit,4.0,425.2046051854184,7.01266020541755
one_state_collapsed_limit,4.0,489.47232838123614,6.897882648110627
one_state_collapsed_limit,4.0,563.453822769568,6.589853623304954
one_state_collapsed_limit,4.0,648.6172802527938,6.11291671081406
one_state_collapsed_limit,4.0,746.6528031962328,5.505697749055724
one_state_collapsed_limit,4.0,859.505945175426,4.8146787616380236
one_state_collapsed_limit,4.0,989.4163212533298,4.088064889400006
one_state_collapsed_limit,4.0,1138.9620540235692,3.370279651075445
one_state_collapsed_limit,4.0,1311.1109374690038,2.697456595455852
one_state_collapsed_limit,4.0,1509.2793340025353,2.0946414139692906
one_state_collapsed_limit,4.0,1737.3999735251152,1.5551882593246833
one_state_collapsed_limit,4.0,2000.0000000000005,1.2328279062525842
one_state_collapsed_limit,6.0,1.0,0.0
one_state_collapsed_limit,6.0,1.151145407204122,0.0
one_state_collapsed_limit,6.0,1.3251357485271442,0.0
one_state_collapsed_limit,6.0,1.5254239308390185,0.0
one_state_collapsed_limit,6.0,1.7559847520245946,0.0
one_state_collapsed_limit,6.0,2.0213937824135813,0.0
one_state_collapsed_limit,6.0,2.3269181687763627,0.0
one_state_collapsed_limit,6.0,2.6786211629267362,0.0
one_state_collapsed_limit,6.0,3.083482449342877,0.0
one_state_collapsed_limit,6.0,3.54953665975557,0.0
one_state_collapsed_limit,6.0,4.086032823580285,0.0
one_state_collapsed_limit,6.0,4.703617918549736,0.0
one_state_collapsed_limit,6.0,5.414548164181541,4.58608017119083e-06
one_state_collapsed_limit,6.0,6.232932251283093,5.5961407110722355e-06
one_state_collapsed_limit,6.0,7.175011334478982,1.3613142919753235e-05
one_state_collapsed_limit,6.0,8.259481344323,4.508401794137347e-05
one_state_collapsed_limit,6.0,9.507864015405548,9.107251692060983e-05
one_state_collapsed_limit,6.0,10.944933993655441,0.00020304744969003403
one_state_collapsed_limit,6.0,12.599210498948727,0.00043955017703198014
one_state_collapsed_limit,6.0,14.503523300262788,0.0009238527578782333
one_state_collapsed_limit,6.0,16.695664235375478,0.0018852254801524282
one_state_collapsed_limit,6.0,19.219137204774608,0.0037348547517109094
one_state_collapsed_limit,6.0,22.12402152370215,0.007183216519805535
one_state_collapsed_limit,6.0,25.467965765894885,0.013411760911046346
one_state_collapsed_limit,6.0,29.3173318222417,0.024308790582315137
one_state_collapsed_limit,6.0,33.7485118786528,0.04277041953236125
one_state_collapsed_limit,6.0,38.84944444908492,0.07305021828531276
one_state_collapsed_limit,6.0,44.721359549995796,0.12111463621623396
one_state_collapsed_limit,6.0,51.480787649901856,0.2552683113703319
one_state_collapsed_limit,6.0,59.261872262435226,0.3369871684084394
one_state_collapsed_limit,6.0,68.21903207721965,0.5078530697576155
one_state_collapsed_limit,6.0,78.53002545960211,0.7431622558161927
one_state_collapsed_limit,6.0,90.39947813544373,1.056116845785956
one_state_collapsed_limit,6.0,104.06294406926548,1.4580045897298473
one_state_collapsed_limit,6.0,119.79158012547443,1.9566517228401406
one_state_collapsed_limit,6.0,137.89752728316452,2.5560101433243783
one_state_collapsed_limit,6.0,158.74010519681985,3.257484231180618
one_state_collapsed_limit,6.0,182.73294303641842,4.055725582234094
one_state_collapsed_limit,6.0,210.35218812126558,4.903359680914978
one_state_collapsed_limit,6.0,242.14595525113245,5.6696179056164375
one_state_collapsed_limit,6.0,278.7452042603958,6.2387463559453735
one_state_collapsed_limit,6.0,320.8762616645296,8.268045185275252
one_state_collapsed_limit,6.0,369.37523489595145,6.938197120113054
one_state_collapsed_limit,6.0,425.2046051854184,7.001003394077282
one_state_collapsed_limit,6.0,489.47232838123614,6.872552805173191
one_state_collapsed_limit,6.0,563.453822769568,6.554051054298961
one_state_collapsed_limit,6.0,648.6172802527938,6.0696769127964245
one_state_collapsed_limit,6.0,746.6528031962328,5.45821730834946
one_state_collapsed_limit,6.0,859.505945175426,4.766082359456154
one_state_collapsed_limit,6.0,989.4163212533298,4.041095760890344
one_state_collapsed_limit,6.0,1138.9620540235692,3.3270069640356046
one_state_collapsed_limit,6.0,1311.1109374690038,2.6588662784154176
one_state_collapsed_limit,6.0,1509.2793340025353,2.0600778696310207
one_state_collapsed_limit,6.0,1737.3999735251152,1.515898912949998
one_state_collapsed_limit,6.0,2000.0000000000005,1.185054687051239
one_state_collapsed_limit,10.0,1.0,0.0
one_state_collapsed_limit,10.0,1.151145407204122,0.0
one_state_collapsed_limit,10.0,1.3251357485271442,0.0
one_state_collapsed_limit,10.0,1.5254239308390185,0.0
one_state_collapsed_limit,10.0,1.7559847520245946,0.0
one_state_collapsed_limit,10.0,2.0213937824135813,0.0
one_state_collapsed_limit,10.0,2.3269181687763627,0.0
one_state_collapsed_limit,10.0,2.6786211629267362,0.0
one_state_collapsed_limit,10.0,3.083482449342877,0.0
one_state_collapsed_limit,10.0,3.54953665975557,0.0
one_state_collapsed_limit,10.0,4.086032823580285,0.0
one_state_collapsed_limit,10.0,4.703617918549736,0.0
one_state_collapsed_limit,10.0,5.414548164181541,4.5864582345480955e-06
one_state_collapsed_limit,10.0,6.232932251283093,5.597494708634295e-06
one_state_collapsed_limit,10.0,7.175011334478982,1.3615672355369757e-05
one_state_collapsed_limit,10.0,8.259481344323,4.5092320685601014e-05
one_state_collapsed_limit,10.0,9.507864015405548,9.108865669739726e-05
one_state_collapsed_limit,10.0,10.944933993655441,0.00020308279841080832
one_state_collapsed_limit,10.0,12.599210498948727,0.0004396261340990172
one_state_collapsed_limit,10.0,14.503523300262788,0.0009240132054164219
one_state_collapsed_limit,10.0,16.695664235375478,0.00188555936002327
one_state_collapsed_limit,10.0,19.219137204774608,0.0037355407296911624
one_state_collapsed_limit,10.0,22.12402152370215,0.007184611239780158
one_state_collapsed_limit,10.0,25.467965765894885,0.013414573561537822
one_state_collapsed_limit,10.0,29.3173318222417,0.024314429279694363
one_state_collapsed_limit,10.0,33.7485118786528,0.04278168240913946
one_state_collapsed_limit,10.0,38.84944444908492,0.07307268386510675
one_state_collapsed_limit,10.0,44.721359549995796,0.1211594943333752
one_state_collapsed_limit,10.0,51.480787649901856,0.2553956366231637
one_state_collapsed_limit,10.0,59.261872262435226,0.33720737441887644
one_state_collapsed_limit,10.0,68.21903207721965,0.5083040162971252
one_state_collapsed_limit,10.0,78.53002545960211,0.7441015473577316
one_state_collapsed_limit,10.0,90.39947813544373,1.0581187027766856
one_state_collapsed_limit,10.0,104.06294406926548,1.4623980120581797
one_state_collapsed_limit,10.0,119.79158012547443,1.9666313582460646
one_state_collapsed_limit,10.0,137.89752728316452,2.5793860443858385
one_state_collapsed_limit,10.0,158.74010519681985,3.312058291921967
one_state_collapsed_limit,10.0,182.73294303641842,4.171470168505579
one_state_collapsed_limit,10.0,210.35218812126558,5.096956771273367
one_state_collapsed_limit,10.0,242.14595525113245,5.894655714567025
one_state_collapsed_limit,10.0,278.7452042603958,6.410957749938981
one_state_collapsed_limit,10.0,320.8762616645296,8.375521988002637
one_state_collapsed_limit,10.0,369.37523489595145,6.94954625868567
one_state_collapsed_limit,10.0,425.2046051854184,6.975343514421489
one_state_collapsed_limit,10.0,489.47232838123614,6.82017585859113
one_state_collapsed_limit,10.0,563.453822769568,6.48133770862148
one_state_collapsed_limit,10.0,648.6172802527938,5.982702164072371
one_state_collapsed_limit,10.0,746.6528031962328,5.363330866232627
one_state_collapsed_limit,10.0,859.505945175426,4.669429547885096
one_state_collapsed_limit,10.0,989.4163212533298,3.94801500217859
one_state_collapsed_limit,10.0,1138.9620540235692,3.2412919430168006
one_state_collapsed_limit,10.0,1311.1109374690038,2.5821002306157745
one_state_collapsed_limit,10.0,1509.2793340025353,1.9898953762082785
one_state_collapsed_limit,10.0,1737.3999735251152,1.4393980434177926
one_state_collapsed_limit,10.0,2000.0000000000005,1.094994832160724
one_state_collapsed_limit,20.0,1.0,0.0
one_state_collapsed_limit,20.0,1.151145407204122,0.0
one_state_collapsed_limit,20.0,1.3251357485271442,0.0
one_state_collapsed_limit,20.0,1.5254239308390185,0.0
one_state_collapsed_limit,20.0,1.7559847520245946,0.0
one_state_collapsed_limit,20.0,2.0213937824135813,0.0
one_state_collapsed_limit,20.0,2.3269181687763627,0.0
one_state_collapsed_limit,20.0,2.6786211629267362,0.0
one_state_collapsed_limit,20.0,3.083482449342877,0.0
one_state_collapsed_limit,20.0,3.54953665975557,0.0
one_state_collapsed_limit,20.0,4.086032823580285,0.0
one_state_collapsed_limit,20.0,4.703617918549736,0.0
one_state_collapsed_limit,20.0,5.414548164181541,4.587524354546621e-06
one_state_collapsed_limit,20.0,6.232932251283093,5.6010277087983865e-06
one_state_collapsed_limit,20.0,7.175011334478982,1.362235551072795e-05
one_state_collapsed_limit,20.0,8.259481344323,4.511426821194587e-05
one_state_collapsed_limit,20.0,9.507864015405548,9.113141080622493e-05
one_state_collapsed_limit,20.0,10.944933993655441,0.00020317653143237573
one_state_collapsed_limit,20.0,12.599210498948727,0.00043982763426911136
one_state_collapsed_limit,20.0,14.503523300262788,0.0009244387292047546
one_state_collapsed_limit,20.0,16.695664235375478,0.001886443889316025
one_state_collapsed_limit,20.0,19.219137204774608,0.003737354482378688
one_state_collapsed_limit,20.0,22.12402152370215,0.007188288339372608
one_state_collapsed_limit,20.0,25.467965765894885,0.013421961249636237
one_state_collapsed_limit,20.0,29.3173318222417,0.02432917351507646
one_state_collapsed_limit,20.0,33.7485118786528,0.04281098486102833
one_state_collapsed_limit,20.0,38.84944444908492,0.07313082108202833
one_state_collapsed_limit,20.0,44.721359549995796,0.12127496143877071
one_state_collapsed_limit,20.0,51.480787649901856,0.2557211988988829
one_state_collapsed_limit,20.0,59.261872262435226,0.3377681165216086
one_state_collapsed_limit,20.0,68.21903207721965,0.5094488936170879
one_state_collapsed_limit,20.0,78.53002545960211,0.7464829229136737
one_state_collapsed_limit,20.0,90.39947813544373,1.0631996528074303
one_state_collapsed_limit,20.0,104.06294406926548,1.4736098323693188
one_state_collapsed_limit,20.0,119.79158012547443,1.9924258488450768
one_state_collapsed_limit,20.0,137.89752728316452,2.641106527076391
one_state_collapsed_limit,20.0,158.74010519681985,3.4591295143460496
one_state_collapsed_limit,20.0,182.73294303641842,4.483369037455142
one_state_collapsed_limit,20.0,210.35218812126558,5.603392840091697
one_state_collapsed_limit,20.0,242.14595525113245,6.454780908253439
one_state_collapsed_limit,20.0,278.7452042603958,6.816077223799656
one_state_collapsed_limit,20.0,320.8762616645296,8.607491529483458
one_state_collapsed_limit,20.0,369.37523489595145,6.959841065329497
one_state_collapsed_limit,20.0,425.2046051854184,6.898024869162822
one_state_collapsed_limit,20.0,489.47232838123614,6.679723976840956
one_state_collapsed_limit,20.0,563.453822769568,6.2935868958958565
one_state_collapsed_limit,20.0,648.6172802527938,5.762815601195429
one_state_collapsed_limit,20.0,746.6528031962328,5.126875055375254
one_state_collapsed_limit,20.0,859.505945175426,4.431045315300785
one_state_collapsed_limit,20.0,989.4163212533298,3.72014751991764
one_state_collapsed_limit,20.0,1138.9620540235692,3.031061355032583
one_state_collapsed_limit,20.0,1311.1109374690038,2.392680790771426
one_state_collapsed_limit,20.0,1509.2793340025353,1.8115498278211866
one_state_collapsed_limit,20.0,1737.3999735251152,1.2604552502334856
one_state_collapsed_limit,20.0,2000.0000000000005,0.8986809423050816
structured_memory_biological_kernel,0.0,1.0,0.0
structured_memory_biological_kernel,0.0,1.151145407204122,0.0
structured_memory_biological_kernel,0.0,1.3251357485271442,0.0
structured_memory_biological_kernel,0.0,1.5254239308390185,0.0
structured_memory_biological_kernel,0.0,1.7559847520245946,0.0
structured_memory_biological_kernel,0.0,2.0213937824135813,0.0
structured_memory_biological_kernel,0.0,2.3269181687763627,0.0
structured_memory_biological_kernel,0.0,2.6786211629267362,0.0
structured_memory_biological_kernel,0.0,3.083482449342877,0.0
structured_memory_biological_kernel,0.0,3.54953665975557,0.0
structured_memory_biological_kernel,0.0,4.086032823580285,0.0
structured_memory_biological_kernel,0.0,4.703617918549736,0.0
structured_memory_biological_kernel,0.0,5.414548164181541,4.58557222348843e-06
structured_memory_biological_kernel,0.0,6.232932251283093,5.594182009429984e-06
structured_memory_biological_kernel,0.0,7.175011334478982,1.3609524472271066e-05
structured_memory_biological_kernel,0.0,8.259481344323,4.5072145669889e-05
structured_memory_biological_kernel,0.0,9.507864015405548,9.104948241857011e-05
structured_memory_biological_kernel,0.0,10.944933993655441,0.00020299704668040694
structured_memory_biological_kernel,0.0,12.599210498948727,0.00043944191404065474
structured_memory_biological_kernel,0.0,14.503523300262788,0.0009236240127743188
structured_memory_biological_kernel,0.0,16.695664235375478,0.0018847490089630057
structured_memory_biological_kernel,0.0,19.219137204774608,0.003733874059051581
structured_memory_biological_kernel,0.0,22.12402152370215,0.007181217393817499
structured_memory_biological_kernel,0.0,25.467965765894885,0.013407715799823859
structured_memory_biological_kernel,0.0,29.3173318222417,0.02430064854515535
structured_memory_biological_kernel,0.0,33.7485118786528,0.04275408371993628
structured_memory_biological_kernel,0.0,38.84944444908492,0.07301748098255746
structured_memory_biological_kernel,0.0,44.721359549995796,0.12104896344953175
structured_memory_biological_kernel,0.0,51.480787649901856,0.25508082990192754
structured_memory_biological_kernel,0.0,59.261872262435226,0.3366617647031422
structured_memory_biological_kernel,0.0,68.21903207721965,0.5071849233901073
structured_memory_biological_kernel,0.0,78.53002545960211,0.7417685648034762
structured_memory_biological_kernel,0.0,90.39947813544373,1.0531477499233721
structured_memory_biological_kernel,0.0,104.06294406926548,1.4515104245298323
structured_memory_biological_kernel,0.0,119.79158012547443,1.9420229850249089
structured_memory_biological_kernel,0.0,137.89752728316452,2.522247275650884
structured_memory_biological_kernel,0.0,158.74010519681985,3.1799349599699425
structured_memory_biological_kernel,0.0,182.73294303641842,3.891766242308633
structured_memory_biological_kernel,0.0,210.35218812126558,4.623557225141217
structured_memory_biological_kernel,0.0,242.14595525113245,5.332268439793912
structured_memory_biological_kernel,0.0,278.7452042603958,5.969821895260045
structured_memory_biological_kernel,0.0,320.8762616645296,8.090251499149485
structured_memory_biological_kernel,0.0,369.37523489595145,6.913077576638838
structured_memory_biological_kernel,0.0,425.2046051854184,7.033573764502547
structured_memory_biological_kernel,0.0,489.47232838123614,6.946772278712963
structured_memory_biological_kernel,0.0,563.453822769568,6.660298028171229
structured_memory_biological_kernel,0.0,648.6172802527938,6.1988535600298915
structured_memory_biological_kernel,0.0,746.6528031962328,5.600695480427086
structured_memory_biological_kernel,0.0,859.505945175426,4.9123941060283
structured_memory_biological_kernel,0.0,989.4163212533298,4.1828728256306436
structured_memory_biological_kernel,0.0,1138.9620540235692,3.4577798443040426
structured_memory_biological_kernel,0.0,1311.1109374690038,2.775065875217602
structured_memory_biological_kernel,0.0,1509.2793340025353,2.1622964452209525
structured_memory_biological_kernel,0.0,1737.3999735251152,1.6358050806071833
structured_memory_biological_kernel,0.0,2000.0000000000005,1.334235648118721
structured_memory_biological_kernel,2.0,1.0,0.0
structured_memory_biological_kernel,2.0,1.151145407204122,0.0
structured_memory_biological_kernel,2.0,1.3251357485271442,0.0
structured_memory_biological_kernel,2.0,1.5254239308390185,0.0
structured_memory_biological_kernel,2.0,1.7559847520245946,0.0
structured_memory_biological_kernel,2.0,2.0213937824135813,0.0
structured_memory_biological_kernel,2.0,2.3269181687763627,0.0
structured_memory_biological_kernel,2.0,2.6786211629267362,0.0
structured_memory_biological_kernel,2.0,3.083482449342877,0.0
structured_memory_biological_kernel,2.0,3.54953665975557,0.0
structured_memory_biological_kernel,2.0,4.086032823580285,0.0
structured_memory_biological_kernel,2.0,4.703617918549736,0.0
structured_memory_biological_kernel,2.0,5.414548164181541,4.5838283600675064e-06
structured_memory_biological_kernel,2.0,6.232932251283093,5.592349940801381e-06
structured_memory_biological_kernel,2.0,7.175011334478982,1.3604706967485359e-05
structured_memory_biological_kernel,2.0,8.259481344323,4.505708034503083e-05
structured_memory_biological_kernel,2.0,9.507864015405548,9.101750012945024e-05
structured_memory_biological_kernel,2.0,10.944933993655441,0.0002029246914582414
structured_memory_biological_kernel,2.0,12.599210498948727,0.00043928536406850346
structured_memory_biological_kernel,2.0,14.503523300262788,0.0009233295500843465
structured_memory_biological_kernel,2.0,16.695664235375478,0.001884708169044964
structured_memory_biological_kernel,2.0,19.219137204774608,0.003740471921527377
structured_memory_biological_kernel,2.0,22.12402152370215,0.007255760459527964
structured_memory_biological_kernel,2.0,25.467965765894885,0.013991675438922699
structured_memory_biological_kernel,2.0,29.3173318222417,0.027829403981378686
structured_memory_biological_kernel,2.0,33.7485118786528,0.05947039824963111
structured_memory_biological_kernel,2.0,38.84944444908492,0.13529940194940324
structured_memory_biological_kernel,2.0,44.721359549995796,0.30371575789679706
structured_memory_biological_kernel,2.0,51.480787649901856,0.8340317375364356
structured_memory_biological_kernel,2.0,59.261872262435226,1.195104827859984
structured_memory_biological_kernel,2.0,68.21903207721965,1.6657450620252439
structured_memory_biological_kernel,2.0,78.53002545960211,1.9735213358003167
structured_memory_biological_kernel,2.0,90.39947813544373,2.085184820115016
structured_memory_biological_kernel,2.0,104.06294406926548,2.1341794434338284
structured_memory_biological_kernel,2.0,119.79158012547443,2.302175868610967
structured_memory_biological_kernel,2.0,137.89752728316452,2.684120889492998
structured_memory_biological_kernel,2.0,158.74010519681985,3.268751429808211
structured_memory_biological_kernel,2.0,182.73294303641842,3.9990122243903836
structured_memory_biological_kernel,2.0,210.35218812126558,4.80293362432931
structured_memory_biological_kernel,2.0,242.14595525113245,5.542883288292176
structured_memory_biological_kernel,2.0,278.7452042603958,6.025636620490445
structured_memory_biological_kernel,2.0,320.8762616645296,7.803758850603395
structured_memory_biological_kernel,2.0,369.37523489595145,6.40738706625855
structured_memory_biological_kernel,2.0,425.2046051854184,6.4205935043274
structured_memory_biological_kernel,2.0,489.47232838123614,6.281741654814742
structured_memory_biological_kernel,2.0,563.453822769568,5.976304762769906
structured_memory_biological_kernel,2.0,648.6172802527938,5.522145140293116
structured_memory_biological_kernel,2.0,746.6528031962328,4.954385236542076
structured_memory_biological_kernel,2.0,859.505945175426,4.315768855151112
structured_memory_biological_kernel,2.0,989.4163212533298,3.650138751573922
structured_memory_biological_kernel,2.0,1138.9620540235692,2.9973788904443746
structured_memory_biological_kernel,2.0,1311.1109374690038,2.389592240566095
structured_memory_biological_kernel,2.0,1509.2793340025353,1.8482331639114915
structured_memory_biological_kernel,2.0,1737.3999735251152,1.372516668619034
structured_memory_biological_kernel,2.0,2000.0000000000005,0.9918610688018614
structured_memory_biological_kernel,4.0,1.0,0.0
structured_memory_biological_kernel,4.0,1.151145407204122,0.0
structured_memory_biological_kernel,4.0,1.3251357485271442,0.0
structured_memory_biological_kernel,4.0,1.5254239308390185,0.0
structured_memory_biological_kernel,4.0,1.7559847520245946,0.0
structured_memory_biological_kernel,4.0,2.0213937824135813,0.0
structured_memory_biological_kernel,4.0,2.3269181687763627,0.0
structured_memory_biological_kernel,4.0,2.6786211629267362,0.0
structured_memory_biological_kernel,4.0,3.083482449342877,0.0
structured_memory_biological_kernel,4.0,3.54953665975557,0.0
structured_memory_biological_kernel,4.0,4.086032823580285,0.0
structured_memory_biological_kernel,4.0,4.703617918549736,0.0
structured_memory_biological_kernel,4.0,5.414548164181541,4.5833179304965666e-06
structured_memory_biological_kernel,4.0,6.232932251283093,5.591920359593224e-06
structured_memory_biological_kernel,4.0,7.175011334478982,1.3603316224653688e-05
structured_memory_biological_kernel,4.0,8.259481344323,4.50539886396447e-05
structured_memory_biological_kernel,4.0,9.507864015405548,9.100887307785957e-05
structured_memory_biological_kernel,4.0,10.944933993655441,0.00020290389937796177
structured_memory_biological_kernel,4.0,12.599210498948727,0.00043924033536691596
structured_memory_biological_kernel,4.0,14.503523300262788,0.0009232856703684292
structured_memory_biological_kernel,4.0,16.695664235375478,0.0018854485652235178
structured_memory_biological_kernel,4.0,19.219137204774608,0.0037518483975546653
structured_memory_biological_kernel,4.0,22.12402152370215,0.007369405878244275
structured_memory_biological_kernel,4.0,25.467965765894885,0.014863541264363917
structured_memory_biological_kernel,4.0,29.3173318222417,0.033072579450932595
structured_memory_biological_kernel,4.0,33.7485118786528,0.08427261702427222
structured_memory_biological_kernel,4.0,38.84944444908492,0.22765707938145466
structured_memory_biological_kernel,4.0,44.721359549995796,0.5745195679349125
structured_memory_biological_kernel,4.0,51.480787649901856,1.69217809911163
structured_memory_biological_kernel,4.0,59.261872262435226,2.4673878225247914
structured_memory_biological_kernel,4.0,68.21903207721965,3.382692516228797
structured_memory_biological_kernel,4.0,78.53002545960211,3.798798926270228
structured_memory_biological_kernel,4.0,90.39947813544373,3.614343770677985
structured_memory_biological_kernel,4.0,104.06294406926548,3.1453808190506707
structured_memory_biological_kernel,4.0,119.79158012547443,2.834941689446165
structured_memory_biological_kernel,4.0,137.89752728316452,2.921960096049934
structured_memory_biological_kernel,4.0,158.74010519681985,3.396729836256936
structured_memory_biological_kernel,4.0,182.73294303641842,4.154025577152781
structured_memory_biological_kernel,4.0,210.35218812126558,5.063662802573086
structured_memory_biological_kernel,4.0,242.14595525113245,5.810029539078896
structured_memory_biological_kernel,4.0,278.7452042603958,5.973770263805195
structured_memory_biological_kernel,4.0,320.8762616645296,7.185415807943046
structured_memory_biological_kernel,4.0,369.37523489595145,5.600818252910152
structured_memory_biological_kernel,4.0,425.2046051854184,5.496809968647169
structured_memory_biological_kernel,4.0,489.47232838123614,5.303461024976177
structured_memory_biological_kernel,4.0,563.453822769568,4.985287414621532
structured_memory_biological_kernel,4.0,648.6172802527938,4.5538689476732195
structured_memory_biological_kernel,4.0,746.6528031962328,4.040082774903514
structured_memory_biological_kernel,4.0,859.505945175426,3.4807862414442243
structured_memory_biological_kernel,4.0,989.4163212533298,2.912258010634003
structured_memory_biological_kernel,4.0,1138.9620540235692,2.3660124066243577
structured_memory_biological_kernel,4.0,1311.1109374690038,1.8655303331238635
structured_memory_biological_kernel,4.0,1509.2793340025353,1.4204027340745187
structured_memory_biological_kernel,4.0,1737.3999735251152,1.0159589313330422
structured_memory_biological_kernel,4.0,2000.0000000000005,0.5682880336457842
structured_memory_biological_kernel,6.0,1.0,0.0
structured_memory_biological_kernel,6.0,1.151145407204122,0.0
structured_memory_biological_kernel,6.0,1.3251357485271442,0.0
structured_memory_biological_kernel,6.0,1.5254239308390185,0.0
structured_memory_biological_kernel,6.0,1.7559847520245946,0.0
structured_memory_biological_kernel,6.0,2.0213937824135813,0.0
structured_memory_biological_kernel,6.0,2.3269181687763627,0.0
structured_memory_biological_kernel,6.0,2.6786211629267362,0.0
structured_memory_biological_kernel,6.0,3.083482449342877,0.0
structured_memory_biological_kernel,6.0,3.54953665975557,0.0
structured_memory_biological_kernel,6.0,4.086032823580285,0.0
structured_memory_biological_kernel,6.0,4.703617918549736,0.0
structured_memory_biological_kernel,6.0,5.414548164181541,4.583789121680654e-06
structured_memory_biological_kernel,6.0,6.232932251283093,5.592832217672265e-06
structured_memory_biological_kernel,6.0,7.175011334478982,1.36051682051257e-05
structured_memory_biological_kernel,6.0,8.259481344323,4.5060752906882306e-05
structured_memory_biological_kernel,6.0,9.507864015405548,9.102133141864027e-05
structured_memory_biological_kernel,6.0,10.944933993655441,0.00020293081942959025
structured_memory_biological_kernel,6.0,12.599210498948727,0.0004392983294234083
structured_memory_biological_kernel,6.0,14.503523300262788,0.0009234273063751147
structured_memory_biological_kernel,6.0,16.695664235375478,0.0018860595180452524
structured_memory_biological_kernel,6.0,19.219137204774608,0.003756876162540442
structured_memory_biological_kernel,6.0,22.12402152370215,0.0074142941321130576
structured_memory_biological_kernel,6.0,25.467965765894885,0.015199980664901276
structured_memory_biological_kernel,6.0,29.3173318222417,0.03508313500798682
structured_memory_biological_kernel,6.0,33.7485118786528,0.09376110547378824
structured_memory_biological_kernel,6.0,38.84944444908492,0.26294918192981576
structured_memory_biological_kernel,6.0,44.721359549995796,0.6779280551455606
structured_memory_biological_kernel,6.0,51.480787649901856,2.0196941282930516
structured_memory_biological_kernel,6.0,59.261872262435226,2.952784653198502
structured_memory_biological_kernel,6.0,68.21903207721965,4.037583061310182
structured_memory_biological_kernel,6.0,78.53002545960211,4.494943496234488
structured_memory_biological_kernel,6.0,90.39947813544373,4.197753163023828
structured_memory_biological_kernel,6.0,104.06294406926548,3.5320672355165947
structured_memory_biological_kernel,6.0,119.79158012547443,3.0412813785613673
structured_memory_biological_kernel,6.0,137.89752728316452,3.020992690367041
structured_memory_biological_kernel,6.0,158.74010519681985,3.4663974343641133
structured_memory_biological_kernel,6.0,182.73294303641842,4.259343243236144
structured_memory_biological_kernel,6.0,210.35218812126558,5.2344635686588745
structured_memory_biological_kernel,6.0,242.14595525113245,5.958533027728035
structured_memory_biological_kernel,6.0,278.7452042603958,5.936130335568529
structured_memory_biological_kernel,6.0,320.8762616645296,6.895759634802503
structured_memory_biological_kernel,6.0,369.37523489595145,5.271135012970858
structured_memory_biological_kernel,6.0,425.2046051854184,5.127512952023809
structured_memory_biological_kernel,6.0,489.47232838123614,4.914583611938303
structured_memory_biological_kernel,6.0,563.453822769568,4.592244227501251
structured_memory_biological_kernel,6.0,648.6172802527938,4.170759190916075
structured_memory_biological_kernel,6.0,746.6528031962328,3.6794293338653734
structured_memory_biological_kernel,6.0,859.505945175426,3.1526232786493438
structured_memory_biological_kernel,6.0,989.4163212533298,2.6234245544505987
structured_memory_biological_kernel,6.0,1138.9620540235692,2.119709528503372
structured_memory_biological_kernel,6.0,1311.1109374690038,1.6607453820017568
structured_memory_biological_kernel,6.0,1509.2793340025353,1.2490778587851734
structured_memory_biological_kernel,6.0,1737.3999735251152,0.8650193789423118
structured_memory_biological_kernel,6.0,2000.0000000000005,0.42630443022466175
structured_memory_biological_kernel,10.0,1.0,0.0
structured_memory_biological_kernel,10.0,1.151145407204122,0.0
structured_memory_biological_kernel,10.0,1.3251357485271442,0.0
structured_memory_biological_kernel,10.0,1.5254239308390185,0.0
structured_memory_biological_kernel,10.0,1.7559847520245946,0.0
structured_memory_biological_kernel,10.0,2.0213937824135813,0.0
structured_memory_biological_kernel,10.0,2.3269181687763627,0.0
structured_memory_biological_kernel,10.0,2.6786211629267362,0.0
structured_memory_biological_kernel,10.0,3.083482449342877,0.0
structured_memory_biological_kernel,10.0,3.54953665975557,0.0
structured_memory_biological_kernel,10.0,4.086032823580285,0.0
structured_memory_biological_kernel,10.0,4.703617918549736,0.0
structured_memory_biological_kernel,10.0,5.414548164181541,4.584548519014378e-06
structured_memory_biological_kernel,10.0,6.232932251283093,5.594629299521575e-06
structured_memory_biological_kernel,10.0,7.175011334478982,1.3608779007132942e-05
structured_memory_biological_kernel,10.0,8.259481344323,4.507276900802507e-05
structured_memory_biological_kernel,10.0,9.507864015405548,9.104479609001912e-05
structured_memory_biological_kernel,10.0,10.944933993655441,0.0002029823956909054
structured_memory_biological_kernel,10.0,12.599210498948727,0.0004394094740584744
structured_memory_biological_kernel,10.0,14.503523300262788,0.0009236662826912024
structured_memory_biological_kernel,10.0,16.695664235375478,0.0018866237243071223
structured_memory_biological_kernel,10.0,19.219137204774608,0.003758819168265722
structured_memory_biological_kernel,10.0,22.12402152370215,0.0074252787777127184
structured_memory_biological_kernel,10.0,25.467965765894885,0.015271002260464715
structured_memory_biological_kernel,10.0,29.3173318222417,0.03548666220006958
structured_memory_biological_kernel,10.0,33.7485118786528,0.09562284990775842
structured_memory_biological_kernel,10.0,38.84944444908492,0.26978500698268787
structured_memory_biological_kernel,10.0,44.721359549995796,0.6977870935438759
structured_memory_biological_kernel,10.0,51.480787649901856,2.0821585413568466
structured_memory_biological_kernel,10.0,59.261872262435226,3.0449057965897026
structured_memory_biological_kernel,10.0,68.21903207721965,4.161458619098575
structured_memory_biological_kernel,10.0,78.53002545960211,4.626411792750118
structured_memory_biological_kernel,10.0,90.39947813544373,4.308389249962638
structured_memory_biological_kernel,10.0,104.06294406926548,3.6076234092264614
structured_memory_biological_kernel,10.0,119.79158012547443,3.088293789549572
structured_memory_biological_kernel,10.0,137.89752728316452,3.0612576547399666
structured_memory_biological_kernel,10.0,158.74010519681985,3.533050496734496
structured_memory_biological_kernel,10.0,182.73294303641842,4.392486338141058
structured_memory_biological_kernel,10.0,210.35218812126558,5.432938586965507
structured_memory_biological_kernel,10.0,242.14595525113245,6.128269411704269
structured_memory_biological_kernel,10.0,278.7452042603958,5.997088479324456
structured_memory_biological_kernel,10.0,320.8762616645296,6.858892610000362
structured_memory_biological_kernel,10.0,369.37523489595145,5.1964353673769965
structured_memory_biological_kernel,10.0,425.2046051854184,5.028388130549942
structured_memory_biological_kernel,10.0,489.47232838123614,4.798136730036302
structured_memory_biological_kernel,10.0,563.453822769568,4.464896345606254
structured_memory_biological_kernel,10.0,648.6172802527938,4.039100218371409
structured_memory_biological_kernel,10.0,746.6528031962328,3.5497847471047814
structured_memory_biological_kernel,10.0,859.505945175426,3.030440707352015
structured_memory_biological_kernel,10.0,989.4163212533298,2.5127007766412
structured_memory_biological_kernel,10.0,1138.9620540235692,2.022384471212303
structured_memory_biological_kernel,10.0,1311.1109374690038,1.5753628175887096
structured_memory_biological_kernel,10.0,1509.2793340025353,1.1696462118514264
structured_memory_biological_kernel,10.0,1737.3999735251152,0.7856176440170737
structured_memory_biological_kernel,10.0,2000.0000000000005,0.37513175590807873
structured_memory_biological_kernel,20.0,1.0,0.0
structured_memory_biological_kernel,20.0,1.151145407204122,0.0
structured_memory_biological_kernel,20.0,1.3251357485271442,0.0
structured_memory_biological_kernel,20.0,1.5254239308390185,0.0
structured_memory_biological_kernel,20.0,1.7559847520245946,0.0
structured_memory_biological_kernel,20.0,2.0213937824135813,0.0
structured_memory_biological_kernel,20.0,2.3269181687763627,0.0
structured_memory_biological_kernel,20.0,2.6786211629267362,0.0
structured_memory_biological_kernel,20.0,3.083482449342877,0.0
structured_memory_biological_kernel,20.0,3.54953665975557,0.0
structured_memory_biological_kernel,20.0,4.086032823580285,0.0
structured_memory_biological_kernel,20.0,4.703617918549736,0.0
structured_memory_biological_kernel,20.0,5.414548164181541,4.586354683339748e-06
structured_memory_biological_kernel,20.0,6.232932251283093,5.599060204263803e-06
structured_memory_biological_kernel,20.0,7.175011334478982,1.361764757891349e-05
structured_memory_biological_kernel,20.0,8.259481344323,4.510197867975954e-05
structured_memory_biological_kernel,20.0,9.507864015405548,9.110218626951175e-05
structured_memory_biological_kernel,20.0,10.944933993655441,0.00020310874994965402
structured_memory_biological_kernel,20.0,12.599210498948727,0.0004396817890072194
structured_memory_biological_kernel,20.0,14.503523300262788,0.0009242440938758339
structured_memory_biological_kernel,20.0,16.695664235375478,0.0018878603566138616
structured_memory_biological_kernel,20.0,19.219137204774608,0.003761723125104354
structured_memory_biological_kernel,20.0,22.12402152370215,0.007434042520964101
structured_memory_biological_kernel,20.0,25.467965765894885,0.01530609000300376
structured_memory_biological_kernel,20.0,29.3173318222417,0.03563953277187096
structured_memory_biological_kernel,20.0,33.7485118786528,0.09622779555778489
structured_memory_biological_kernel,20.0,38.84944444908492,0.271791429508244
structured_memory_biological_kernel,20.0,44.721359549995796,0.7031979551099167
structured_memory_biological_kernel,20.0,51.480787649901856,2.0981045789589454
structured_memory_biological_kernel,20.0,59.261872262435226,3.0672887854025745
structured_memory_biological_kernel,20.0,68.21903207721965,4.190521058452866
structured_memory_biological_kernel,20.0,78.53002545960211,4.656725699080975
structured_memory_biological_kernel,20.0,90.39947813544373,4.335065734915644
structured_memory_biological_kernel,20.0,104.06294406926548,3.6315216298124158
structured_memory_biological_kernel,20.0,119.79158012547443,3.1200114609179517
structured_memory_biological_kernel,20.0,137.89752728316452,3.127643361547224
structured_memory_biological_kernel,20.0,158.74010519681985,3.6914276407748905
structured_memory_biological_kernel,20.0,182.73294303641842,4.719465625021107
structured_memory_biological_kernel,20.0,210.35218812126558,5.895811789120291
structured_memory_biological_kernel,20.0,242.14595525113245,6.511821860035122
structured_memory_biological_kernel,20.0,278.7452042603958,6.176257398977704
structured_memory_biological_kernel,20.0,320.8762616645296,6.891001676040422
structured_memory_biological_kernel,20.0,369.37523489595145,5.1421875040397245
structured_memory_biological_kernel,20.0,425.2046051854184,4.926152403226589
structured_memory_biological_kernel,20.0,489.47232838123614,4.658820975650821
structured_memory_biological_kernel,20.0,563.453822769568,4.299154360461489
structured_memory_biological_kernel,20.0,648.6172802527938,3.85833412190092
structured_memory_biological_kernel,20.0,746.6528031962328,3.3651715900210903
structured_memory_biological_kernel,20.0,859.505945175426,2.8516936933750134
structured_memory_biological_kernel,20.0,989.4163212533298,2.3465711914305447
structured_memory_biological_kernel,20.0,1138.9620540235692,1.8717649961901912
structured_memory_biological_kernel,20.0,1311.1109374690038,1.4357499315320252
structured_memory_biological_kernel,20.0,1509.2793340025353,1.036172564774684
structured_memory_biological_kernel,20.0,1737.3999735251152,0.6545817061046051
structured_memory_biological_kernel,20.0,2000.0000000000005,0.30400319142042287
