preculture_irradiance_klx,lighted_volume_percent,days,diameter_bin_center_mm,experimental_frequency_percent,predicted_frequency_percent,residual_percent
3,5,0.0,0.025,2.0,2.4606463194756887,0.4606463194756887
3,5,0.0,0.07500000000000001,18.0,17.91143181582187,-0.08856818417812917
3,5,0.0,0.12500000000000003,32.0,31.242925367571477,-0.7570746324285231
3,5,0.0,0.17500000000000002,28.0,28.08557659563202,0.0855765956320198
3,5,0.0,0.22500000000000003,14.0,14.238393158077464,0.2383931580774643
3,5,0.0,0.2750000000000001,5.0,4.906042123036049,-0.09395787696395086
3,5,0.0,0.32500000000000007,1.0,1.139220847756473,0.13922084775647292
3,5,0.0,0.3750000000000001,0.0,0.01576377257065813,0.01576377257065813
3,5,0.0,0.4250000000000001,0.0,5.828193339460844e-11,5.828193339460844e-11
3,5,0.0,0.4750000000000001,0.0,6.529935139276833e-30,6.529935139276833e-30
3,5,0.0,0.5250000000000001,0.0,1.3531531887790485e-53,1.3531531887790485e-53
3,5,0.0,0.5750000000000002,0.0,5.769610976650274e-88,5.769610976650274e-88
3,5,4.0,0.025,8.0,21.957715970419688,13.957715970419688
3,5,4.0,0.07500000000000001,52.0,65.57680100889809,13.576801008898087
3,5,4.0,0.12500000000000003,24.0,9.936372565779417,-14.063627434220583
3,5,4.0,0.17500000000000002,10.0,2.112489050714664,-7.8875109492853355
3,5,4.0,0.22500000000000003,4.0,0.3484449923724637,-3.6515550076275365
3,5,4.0,0.2750000000000001,2.0,0.055130054037160134,-1.9448699459628398
3,5,4.0,0.32500000000000007,0.0,0.011548437713118963,0.011548437713118963
3,5,4.0,0.3750000000000001,0.0,0.0014573299358565867,0.0014573299358565867
3,5,4.0,0.4250000000000001,0.0,4.0455267701045296e-05,4.0455267701045296e-05
3,5,4.0,0.4750000000000001,0.0,1.34218382409576e-07,1.34218382409576e-07
3,5,4.0,0.5250000000000001,0.0,6.420554854628536e-10,6.420554854628536e-10
3,5,4.0,0.5750000000000002,0.0,1.408051563769362e-12,1.408051563769362e-12
3,5,16.0,0.025,12.0,87.59105291935373,75.59105291935373
3,5,16.0,0.07500000000000001,78.0,12.374188544661902,-65.6258114553381
3,5,16.0,0.12500000000000003,8.0,0.033001316334916535,-7.966998683665084
3,5,16.0,0.17500000000000002,2.0,0.0016279794837282873,-1.9983720205162716
3,5,16.0,0.22500000000000003,0.0,0.0001167333828577354,0.0001167333828577354
3,5,16.0,0.2750000000000001,0.0,1.0607384695480634e-05,1.0607384695480634e-05
3,5,16.0,0.32500000000000007,0.0,1.6694220710835464e-06,1.6694220710835464e-06
3,5,16.0,0.3750000000000001,0.0,1.9703526708478845e-07,1.9703526708478845e-07
3,5,16.0,0.4250000000000001,0.0,2.9327349800963805e-08,2.9327349800963805e-08
3,5,16.0,0.4750000000000001,0.0,3.1415755333421124e-09,3.1415755333421124e-09
3,5,16.0,0.5250000000000001,0.0,4.370846889756312e-10,4.370846889756312e-10
3,5,16.0,0.5750000000000002,0.0,3.482181780364342e-11,3.482181780364342e-11
3,25,0.0,0.025,2.0,2.406604702734336,0.4066047027343358
3,25,0.0,0.07500000000000001,16.0,15.915153314243181,-0.08484668575681908
3,25,0.0,0.12500000000000003,28.0,27.413408097614493,-0.5865919023855071
3,25,0.0,0.17500000000000002,30.0,29.959984614579017,-0.0400153854209826
3,25,0.0,0.22500000000000003,16.0,16.241462107484,0.24146210748400065
3,25,0.0,0.2750000000000001,6.0,5.883225185320259,-0.11677481467974093
3,25,0.0,0.32500000000000007,2.0,2.1486344330063964,0.14863443300639645
3,25,0.0,0.3750000000000001,0.0,0.031527544901761975,0.031527544901761975
3,25,0.0,0.4250000000000001,0.0,1.1656386678921688e-10,1.1656386678921688e-10
3,25,0.0,0.4750000000000001,0.0,1.3059870278553668e-29,1.3059870278553668e-29
3,25,0.0,0.5250000000000001,0.0,2.7063063775580974e-53,2.7063063775580974e-53
3,25,0.0,0.5750000000000002,0.0,1.153922195330055e-87,1.153922195330055e-87
3,25,4.0,0.025,3.0,0.43131022285329057,-2.5686897771467097
3,25,4.0,0.07500000000000001,10.0,30.089878250410273,20.089878250410273
3,25,4.0,0.12500000000000003,35.0,56.434390157092395,21.434390157092395
3,25,4.0,0.17500000000000002,28.0,10.49614176999543,-17.503858230004568
3,25,4.0,0.22500000000000003,15.0,2.0167634762878706,-12.98323652371213
3,25,4.0,0.2750000000000001,7.0,0.3967348090569407,-6.603265190943059
3,25,4.0,0.32500000000000007,2.0,0.11145273637427869,-1.8885472636257212
3,25,4.0,0.3750000000000001,0.0,0.019496153128906388,0.019496153128906388
3,25,4.0,0.4250000000000001,0.0,0.0036341453048345644,0.0036341453048345644
3,25,4.0,0.4750000000000001,0.0,0.00018903072166814538,0.00018903072166814538
3,25,4.0,0.5250000000000001,0.0,9.040234197638984e-06,9.040234197638984e-06
3,25,4.0,0.5750000000000002,0.0,2.0853991644070267e-07,2.0853991644070267e-07
3,25,16.0,0.025,5.0,0.4185866548338213,-4.581413345166179
3,25,16.0,0.07500000000000001,65.0,93.88422183791772,28.88422183791772
3,25,16.0,0.12500000000000003,25.0,5.603079026025669,-19.396920973974332
3,25,16.0,0.17500000000000002,5.0,0.08629898786197861,-4.913701012138022
3,25,16.0,0.22500000000000003,0.0,0.006698521255668515,0.006698521255668515
3,25,16.0,0.2750000000000001,0.0,0.0008644495137779364,0.0008644495137779364
3,25,16.0,0.32500000000000007,0.0,0.00020062056993895873,0.00020062056993895873
3,25,16.0,0.3750000000000001,0.0,3.7590313397278544e-05,3.7590313397278544e-05
3,25,16.0,0.4250000000000001,0.0,9.649528694755678e-06,9.649528694755678e-06
3,25,16.0,0.4750000000000001,0.0,1.9351256770923247e-06,1.9351256770923247e-06
3,25,16.0,0.5250000000000001,0.0,5.936740073402268e-07,5.936740073402268e-07
3,25,16.0,0.5750000000000002,0.0,1.3337965115813925e-07,1.3337965115813925e-07
3,50,0.0,0.025,1.0,1.311385586010254,0.3113855860102539
3,50,0.0,0.07500000000000001,12.0,12.010735867978374,0.010735867978374003
3,50,0.0,0.12500000000000003,25.0,24.522813360985957,-0.4771866390140431
3,50,0.0,0.17500000000000002,33.0,32.858029625264706,-0.14197037473529406
3,50,0.0,0.22500000000000003,20.0,20.20667565513762,0.20667565513761943
3,50,0.0,0.2750000000000001,7.0,6.877746110422901,-0.12225388957709882
3,50,0.0,0.32500000000000007,2.0,2.1810862491219565,0.18108624912195648
3,50,0.0,0.3750000000000001,0.0,0.031527544961650535,0.031527544961650535
3,50,0.0,0.4250000000000001,0.0,1.1656386678921685e-10,1.1656386678921685e-10
3,50,0.0,0.4750000000000001,0.0,1.3059870278553665e-29,1.3059870278553665e-29
3,50,0.0,0.5250000000000001,0.0,2.706306377558097e-53,2.706306377558097e-53
3,50,0.0,0.5750000000000002,0.0,1.1539221953300548e-87,1.1539221953300548e-87
3,50,4.0,0.025,1.0,0.4064399040352397,-0.5935600959647602
3,50,4.0,0.07500000000000001,8.0,4.1307301625621005,-3.8692698374378995
3,50,4.0,0.12500000000000003,32.0,34.80337172531335,2.8033717253133474
3,50,4.0,0.17500000000000002,33.0,48.64289461941962,15.642894619419621
3,50,4.0,0.22500000000000003,17.0,10.137924481963404,-6.862075518036596
3,50,4.0,0.2750000000000001,7.0,1.4530245977720717,-5.546975402227928
3,50,4.0,0.32500000000000007,2.0,0.35171402603239593,-1.6482859739676041
3,50,4.0,0.3750000000000001,0.0,0.06024636043653156,0.06024636043653156
3,50,4.0,0.4250000000000001,0.0,0.01250943620702017,0.01250943620702017
3,50,4.0,0.4750000000000001,0.0,0.0010590435877379618,0.0010590435877379618
3,50,4.0,0.5250000000000001,0.0,8.248327719544377e-05,8.248327719544377e-05
3,50,4.0,0.5750000000000002,0.0,3.159393323134949e-06,3.159393323134949e-06
3,50,16.0,0.025,2.0,0.014896347255220984,-1.985103652744779
3,50,16.0,0.07500000000000001,18.0,35.03395661872374,17.033956618723742
3,50,16.0,0.12500000000000003,66.0,61.54876016059083,-4.451239839409169
3,50,16.0,0.17500000000000002,12.0,3.2614024735181824,-8.738597526481819
3,50,16.0,0.22500000000000003,2.0,0.1277911187593383,-1.8722088812406616
3,50,16.0,0.2750000000000001,0.0,0.010668665594829192,0.010668665594829192
3,50,16.0,0.32500000000000007,0.0,0.002051968884050716,0.002051968884050716
3,50,16.0,0.3750000000000001,0.0,0.0003550919111890132,0.0003550919111890132
3,50,16.0,0.4250000000000001,0.0,9.084198317634678e-05,9.084198317634678e-05
3,50,16.0,0.4750000000000001,0.0,1.8992171527264774e-05,1.8992171527264774e-05
3,50,16.0,0.5250000000000001,0.0,6.209921734967491e-06,6.209921734967491e-06
3,50,16.0,0.5750000000000002,0.0,1.5106861825971405e-06,1.5106861825971405e-06
3,100,0.0,0.025,0.0,0.13510404572131413,0.13510404572131413
3,100,0.0,0.07500000000000001,5.0,5.192703606603491,0.19270360660349084
3,100,0.0,0.12500000000000003,20.0,19.700074996602243,-0.29992500339775674
3,100,0.0,0.17500000000000002,38.0,37.66150836732808,-0.33849163267191784
3,100,0.0,0.22500000000000003,25.0,25.225473979327234,0.22547397932723356
3,100,0.0,0.2750000000000001,10.0,9.7751657651136,-0.22483423488639964
3,100,0.0,0.32500000000000007,2.0,2.278441694046178,0.2784416940461778
3,100,0.0,0.3750000000000001,0.0,0.031527545141316275,0.031527545141316275
3,100,0.0,0.4250000000000001,0.0,1.1656386678921693e-10,1.1656386678921693e-10
3,100,0.0,0.4750000000000001,0.0,1.305987027855367e-29,1.305987027855367e-29
3,100,0.0,0.5250000000000001,0.0,2.706306377558098e-53,2.706306377558098e-53
3,100,0.0,0.5750000000000002,0.0,1.1539221953300553e-87,1.1539221953300553e-87
3,100,4.0,0.025,0.0,0.019902035878608473,0.019902035878608473
3,100,4.0,0.07500000000000001,3.0,2.6796804689567613,-0.32031953104323874
3,100,4.0,0.12500000000000003,16.0,8.1088488457258,-7.891151154274199
3,100,4.0,0.17500000000000002,30.0,28.312992929011283,-1.6870070709887166
3,100,4.0,0.22500000000000003,31.0,41.951622469424535,10.951622469424535
3,100,4.0,0.2750000000000001,15.0,14.750537004543554,-0.24946299545644557
3,100,4.0,0.32500000000000007,5.0,3.61466724232515,-1.38533275767485
3,100,4.0,0.3750000000000001,0.0,0.48354323604742366,0.48354323604742366
3,100,4.0,0.4250000000000001,0.0,0.07165997840860261,0.07165997840860261
3,100,4.0,0.4750000000000001,0.0,0.0059714015018936,0.0059714015018936
3,100,4.0,0.5250000000000001,0.0,0.0005481630635496657,0.0005481630635496657
3,100,4.0,0.5750000000000002,0.0,2.6225112817650997e-05,2.6225112817650997e-05
3,100,16.0,0.025,0.0,2.4207948698600815e-05,2.4207948698600815e-05
3,100,16.0,0.07500000000000001,2.0,0.04816913415367568,-1.9518308658463244
3,100,16.0,0.12500000000000003,14.0,17.597067241469162,3.597067241469162
3,100,16.0,0.17500000000000002,34.0,63.34531026946632,29.345310269466317
3,100,16.0,0.22500000000000003,30.0,17.249319872447735,-12.750680127552265
3,100,16.0,0.2750000000000001,14.0,1.5070651408010083,-12.492934859198991
3,100,16.0,0.32500000000000007,5.0,0.21587334060631644,-4.784126659393683
3,100,16.0,0.3750000000000001,1.0,0.029168345740158537,-0.9708316542598414
3,100,16.0,0.4250000000000001,0.0,0.0063780537594915745,0.0063780537594915745
3,100,16.0,0.4750000000000001,0.0,0.0011848783036130803,0.0011848783036130803
3,100,16.0,0.5250000000000001,0.0,0.0003575855193540733,0.0003575855193540733
3,100,16.0,0.5750000000000002,0.0,8.192978444937298e-05,8.192978444937298e-05
10,5,0.0,0.025,8.0,8.815794557109486,0.815794557109486
10,5,0.0,0.07500000000000001,34.0,33.57503056366678,-0.42496943633322104
10,5,0.0,0.12500000000000003,45.0,43.69612270582308,-1.303877294176921
10,5,0.0,0.17500000000000002,11.0,11.739570742214504,0.7395707422145037
10,5,0.0,0.22500000000000003,2.0,2.148869109611918,0.14886910961191813
10,5,0.0,0.2750000000000001,0.0,0.024612320596388848,0.024612320596388848
10,5,0.0,0.32500000000000007,0.0,9.778458833312957e-10,9.778458833312957e-10
10,5,0.0,0.3750000000000001,0.0,1.3305194296664226e-26,1.3305194296664226e-26
10,5,0.0,0.4250000000000001,0.0,3.3760052492255816e-50,3.3760052492255816e-50
10,5,0.0,0.4750000000000001,0.0,1.741901864696934e-86,1.741901864696934e-86
10,5,0.0,0.5250000000000001,0.0,9.1298834451584e-125,9.1298834451584e-125
10,5,0.0,0.5750000000000002,0.0,2.9345311725359365e-175,2.9345311725359365e-175
10,5,5.0,0.025,4.0,38.47761159408711,34.47761159408711
10,5,5.0,0.07500000000000001,84.0,58.79169383529137,-25.20830616470863
10,5,5.0,0.12500000000000003,10.0,2.48685168753376,-7.513148312466241
10,5,5.0,0.17500000000000002,2.0,0.22538568814838533,-1.7746143118516147
10,5,5.0,0.22500000000000003,0.0,0.017269165651218946,0.017269165651218946
10,5,5.0,0.2750000000000001,0.0,0.0011677426893864026,0.0011677426893864026
10,5,5.0,0.32500000000000007,0.0,2.026031067954749e-05,2.026031067954749e-05
10,5,5.0,0.3750000000000001,0.0,2.6258187163600697e-08,2.6258187163600697e-08
10,5,5.0,0.4250000000000001,0.0,2.990131471711703e-11,2.990131471711703e-11
10,5,5.0,0.4750000000000001,0.0,1.1438945698400496e-14,1.1438945698400496e-14
10,5,5.0,0.5250000000000001,0.0,1.6415070117836413e-17,1.6415070117836413e-17
10,5,5.0,0.5750000000000002,0.0,1.3867013296694183e-20,1.3867013296694183e-20
10,5,18.0,0.025,2.0,89.6872999407523,87.6872999407523
10,5,18.0,0.07500000000000001,93.0,10.309542161493225,-82.69045783850677
10,5,18.0,0.12500000000000003,5.0,0.003067391838628441,-4.996932608161371
10,5,18.0,0.17500000000000002,0.0,8.647048926279249e-05,8.647048926279249e-05
10,5,18.0,0.22500000000000003,0.0,3.7956630332204666e-06,3.7956630332204666e-06
10,5,18.0,0.2750000000000001,0.0,2.168521063623403e-07,2.168521063623403e-07
10,5,18.0,0.32500000000000007,0.0,2.1393613207454143e-08,2.1393613207454143e-08
10,5,18.0,0.3750000000000001,0.0,1.4190264037302294e-09,1.4190264037302294e-09
10,5,18.0,0.4250000000000001,0.0,9.547965980994626e-11,9.547965980994626e-11
10,5,18.0,0.4750000000000001,0.0,3.1538092855747035e-12,3.1538092855747035e-12
10,5,18.0,0.5250000000000001,0.0,1.6455952703772138e-13,1.6455952703772138e-13
10,5,18.0,0.5750000000000002,0.0,5.680001744928506e-15,5.680001744928506e-15
10,5,25.0,0.025,4.0,94.74405677287027,90.74405677287027
10,5,25.0,0.07500000000000001,80.0,5.255858740679254,-74.74414125932074
10,5,25.0,0.12500000000000003,13.0,8.267783835498409e-05,-12.999917322161645
10,5,25.0,0.17500000000000002,3.0,1.737592071639912e-06,-2.9999982624079284
10,5,25.0,0.22500000000000003,0.0,6.685884655983199e-08,6.685884655983199e-08
10,5,25.0,0.2750000000000001,0.0,3.723978600353426e-09,3.723978600353426e-09
10,5,25.0,0.32500000000000007,0.0,4.019132175712032e-10,4.019132175712032e-10
10,5,25.0,0.3750000000000001,0.0,3.160407070133627e-11,3.160407070133627e-11
10,5,25.0,0.4250000000000001,0.0,3.428341007756889e-12,3.428341007756889e-12
10,5,25.0,0.4750000000000001,0.0,2.471115768782082e-13,2.471115768782082e-13
10,5,25.0,0.5250000000000001,0.0,2.6878292270684783e-14,2.6878292270684783e-14
10,5,25.0,0.5750000000000002,0.0,1.9640371415753568e-15,1.9640371415753568e-15
10,25,0.0,0.025,6.0,6.868543595129482,0.8685435951294824
10,25,0.0,0.07500000000000001,35.0,34.5474415849919,-0.4525584150080988
10,25,0.0,0.12500000000000003,47.0,45.61088134068201,-1.3891186593179867
10,25,0.0,0.17500000000000002,10.0,10.818324498262273,0.8183244982622728
10,25,0.0,0.22500000000000003,2.0,2.130196659402698,0.13019665940269798
10,25,0.0,0.2750000000000001,0.0,0.024612320553776414,0.024612320553776414
10,25,0.0,0.32500000000000007,0.0,9.778458833312953e-10,9.778458833312953e-10
10,25,0.0,0.3750000000000001,0.0,1.3305194296664223e-26,1.3305194296664223e-26
10,25,0.0,0.4250000000000001,0.0,3.3760052492255807e-50,3.3760052492255807e-50
10,25,0.0,0.4750000000000001,0.0,1.7419018646969338e-86,1.7419018646969338e-86
10,25,0.0,0.5250000000000001,0.0,9.129883445158398e-125,9.129883445158398e-125
10,25,0.0,0.5750000000000002,0.0,2.934531172535936e-175,2.934531172535936e-175
10,25,5.0,0.025,2.0,2.113812127180091,0.11381212718009115
10,25,5.0,0.07500000000000001,8.0,48.664778750022585,40.664778750022585
10,25,5.0,0.12500000000000003,66.0,46.35624103719423,-19.64375896280577
10,25,5.0,0.17500000000000002,20.0,2.659779724081914,-17.340220275918085
10,25,5.0,0.22500000000000003,4.0,0.18686923057271346,-3.8131307694272865
10,25,5.0,0.2750000000000001,0.0,0.016394274730772485,0.016394274730772485
10,25,5.0,0.32500000000000007,0.0,0.002061476556143939,0.002061476556143939
10,25,5.0,0.3750000000000001,0.0,6.2163768802675e-05,6.2163768802675e-05
10,25,5.0,0.4250000000000001,0.0,1.2067814292877211e-06,1.2067814292877211e-06
10,25,5.0,0.4750000000000001,0.0,8.981408023936895e-09,8.981408023936895e-09
10,25,5.0,0.5250000000000001,0.0,1.2879239523627036e-10,1.2879239523627036e-10
10,25,5.0,0.5750000000000002,0.0,1.1082701840132233e-12,1.1082701840132233e-12
10,25,18.0,0.025,4.0,1.120185973993748,-2.879814026006252
10,25,18.0,0.07500000000000001,82.0,96.16123451201872,14.161234512018723
10,25,18.0,0.12500000000000003,12.0,2.701943606917395,-9.298056393082605
10,25,18.0,0.17500000000000002,2.0,0.016092477783663187,-1.9839075222163367
10,25,18.0,0.22500000000000003,0.0,0.0004989220168908518,0.0004989220168908518
10,25,18.0,0.2750000000000001,0.0,3.744004165164606e-05,3.744004165164606e-05
10,25,18.0,0.32500000000000007,0.0,6.069504253678407e-06,6.069504253678407e-06
10,25,18.0,0.3750000000000001,0.0,8.134787838967642e-07,8.134787838967642e-07
10,25,18.0,0.4250000000000001,0.0,1.5504390272487646e-07,1.5504390272487646e-07
10,25,18.0,0.4750000000000001,0.0,2.2933785439535782e-08,2.2933785439535782e-08
10,25,18.0,0.5250000000000001,0.0,5.3524439641350945e-09,5.3524439641350945e-09
10,25,18.0,0.5750000000000002,0.0,9.147738500630981e-10,9.147738500630981e-10
10,25,25.0,0.025,3.0,8.53323912256936,5.533239122569359
10,25,25.0,0.07500000000000001,55.0,91.20647224869174,36.20647224869174
10,25,25.0,0.12500000000000003,34.0,0.259454992047492,-33.740545007952505
10,25,25.0,0.17500000000000002,7.0,0.0008132755634906575,-6.999186724436509
10,25,25.0,0.22500000000000003,1.0,1.8882965039711164e-05,-0.9999811170349603
10,25,25.0,0.2750000000000001,0.0,1.248234387139682e-06,1.248234387139682e-06
10,25,25.0,0.32500000000000007,0.0,1.9620245716744707e-07,1.9620245716744707e-07
10,25,25.0,0.3750000000000001,0.0,2.6983812417681818e-08,2.6983812417681818e-08
10,25,25.0,0.4250000000000001,0.0,5.524001346683327e-09,5.524001346683327e-09
10,25,25.0,0.4750000000000001,0.0,9.203800870422773e-10,9.203800870422773e-10
10,25,25.0,0.5250000000000001,0.0,2.4758156230222837e-10,2.4758156230222837e-10
10,25,25.0,0.5750000000000002,0.0,5.02592417825715e-11,5.02592417825715e-11
10,50,0.0,0.025,8.0,8.869836171530082,0.869836171530082
10,50,0.0,0.07500000000000001,36.0,35.450104659463065,-0.5498953405369349
10,50,0.0,0.12500000000000003,43.0,41.81399047342175,-1.1860095265782533
10,50,0.0,0.17500000000000002,11.0,11.692587264682267,0.6925872646822668
10,50,0.0,0.22500000000000003,2.0,2.1488691093286003,0.1488691093286003
10,50,0.0,0.2750000000000001,0.0,0.024612320596388848,0.024612320596388848
10,50,0.0,0.32500000000000007,0.0,9.778458833312957e-10,9.778458833312957e-10
10,50,0.0,0.3750000000000001,0.0,1.3305194296664226e-26,1.3305194296664226e-26
10,50,0.0,0.4250000000000001,0.0,3.3760052492255816e-50,3.3760052492255816e-50
10,50,0.0,0.4750000000000001,0.0,1.741901864696934e-86,1.741901864696934e-86
10,50,0.0,0.5250000000000001,0.0,9.1298834451584e-125,9.1298834451584e-125
10,50,0.0,0.5750000000000002,0.0,2.9345311725359365e-175,2.9345311725359365e-175
10,50,5.0,0.025,0.0,5.182161223052141,5.182161223052141
10,50,5.0,0.07500000000000001,2.0,19.1180203588133,17.1180203588133
10,50,5.0,0.12500000000000003,20.0,48.04907783621801,28.04907783621801
10,50,5.0,0.17500000000000002,50.0,25.684537539466525,-24.315462460533475
10,50,5.0,0.22500000000000003,20.0,1.8429230388904696,-18.15707696110953
10,50,5.0,0.2750000000000001,7.0,0.11096402479960397,-6.889035975200396
10,50,5.0,0.32500000000000007,1.0,0.011751270927571118,-0.9882487290724289
10,50,5.0,0.3750000000000001,0.0,0.0005464310141134322,0.0005464310141134322
10,50,5.0,0.4250000000000001,0.0,1.8028585057899172e-05,1.8028585057899172e-05
10,50,5.0,0.4750000000000001,0.0,2.425359242150503e-07,2.425359242150503e-07
10,50,5.0,0.5250000000000001,0.0,5.618552757014574e-09,5.618552757014574e-09
10,50,5.0,0.5750000000000002,0.0,7.875377353562458e-11,7.875377353562458e-11
10,50,18.0,0.025,2.0,0.24630548939799415,-1.7536945106020059
10,50,18.0,0.07500000000000001,52.0,83.29129721278217,31.29129721278217
10,50,18.0,0.12500000000000003,35.0,16.10287344502384,-18.89712655497616
10,50,18.0,0.17500000000000002,9.0,0.34587964666828,-8.65412035333172
10,50,18.0,0.22500000000000003,2.0,0.012709499270757109,-1.987290500729243
10,50,18.0,0.2750000000000001,0.0,0.0008085537407541678,0.0008085537407541678
10,50,18.0,0.32500000000000007,0.0,0.00011055912457399093,0.00011055912457399093
10,50,18.0,0.3750000000000001,0.0,1.2882757055146687e-05,1.2882757055146687e-05
10,50,18.0,0.4250000000000001,0.0,2.2833039138240236e-06,2.2833039138240236e-06
10,50,18.0,0.4750000000000001,0.0,3.328974462048252e-07,3.328974462048252e-07
10,50,18.0,0.5250000000000001,0.0,8.030898682650821e-08,8.030898682650821e-08
10,50,18.0,0.5750000000000002,0.0,1.4724229552417916e-08,1.4724229552417916e-08
10,50,25.0,0.025,1.0,12.783023520502544,11.783023520502544
10,50,25.0,0.07500000000000001,26.0,86.70678790653493,60.70678790653493
10,50,25.0,0.12500000000000003,52.0,0.5033803313301015,-51.4966196686699
10,50,25.0,0.17500000000000002,17.0,0.006553649207266797,-16.993446350792734
10,50,25.0,0.22500000000000003,4.0,0.00023666408291507775,-3.999763335917085
10,50,25.0,0.2750000000000001,0.0,1.541515117363883e-05,1.541515117363883e-05
10,50,25.0,0.32500000000000007,0.0,2.184860948401347e-06,2.184860948401347e-06
10,50,25.0,0.3750000000000001,0.0,2.677427712413006e-07,2.677427712413006e-07
10,50,25.0,0.4250000000000001,0.0,5.0249178369971e-08,5.0249178369971e-08
10,50,25.0,0.4750000000000001,0.0,7.87198752130864e-09,7.87198752130864e-09
10,50,25.0,0.5250000000000001,0.0,2.053929622220699e-09,2.053929622220699e-09
10,50,25.0,0.5750000000000002,0.0,4.1225056038791334e-10,4.1225056038791334e-10
10,100,0.0,0.025,10.0,10.817087133896877,0.8170871338968766
10,100,0.0,0.07500000000000001,35.0,34.497894372295626,-0.5021056277043741
10,100,0.0,0.12500000000000003,42.0,40.842441537674205,-1.1575584623257953
10,100,0.0,0.17500000000000002,11.0,11.669095525372114,0.6690955253721143
10,100,0.0,0.22500000000000003,2.0,2.1488691091869416,0.14886910918694163
10,100,0.0,0.2750000000000001,0.0,0.024612320596388848,0.024612320596388848
10,100,0.0,0.32500000000000007,0.0,9.778458833312957e-10,9.778458833312957e-10
10,100,0.0,0.3750000000000001,0.0,1.3305194296664226e-26,1.3305194296664226e-26
10,100,0.0,0.4250000000000001,0.0,3.3760052492255816e-50,3.3760052492255816e-50
10,100,0.0,0.4750000000000001,0.0,1.741901864696934e-86,1.741901864696934e-86
10,100,0.0,0.5250000000000001,0.0,9.1298834451584e-125,9.1298834451584e-125
10,100,0.0,0.5750000000000002,0.0,2.9345311725359365e-175,2.9345311725359365e-175
10,100,5.0,0.025,0.0,8.55156731469951,8.55156731469951
10,100,5.0,0.07500000000000001,1.0,22.074171082888697,21.074171082888697
10,100,5.0,0.12500000000000003,17.0,25.867898812263608,8.867898812263608
10,100,5.0,0.17500000000000002,54.0,32.169385850543755,-21.830614149456245
10,100,5.0,0.22500000000000003,23.0,9.809128300881067,-13.190871699118933
10,100,5.0,0.2750000000000001,5.0,1.3546485265295916,-3.6453514734704084
10,100,5.0,0.32500000000000007,0.0,0.16487669967938212,0.16487669967938212
10,100,5.0,0.3750000000000001,0.0,0.008025088617592994,0.008025088617592994
10,100,5.0,0.4250000000000001,0.0,0.00029354252859682656,0.00029354252859682656
10,100,5.0,0.4750000000000001,0.0,4.652543972562071e-06,4.652543972562071e-06
10,100,5.0,0.5250000000000001,0.0,1.2669204023215804e-07,1.2669204023215804e-07
10,100,5.0,0.5750000000000002,0.0,2.132209517619903e-09,2.132209517619903e-09
10,100,18.0,0.025,0.0,0.3020153842914477,0.3020153842914477
10,100,18.0,0.07500000000000001,0.0,27.616977172356368,27.616977172356368
10,100,18.0,0.12500000000000003,7.0,65.2918680796532,58.2918680796532
10,100,18.0,0.17500000000000002,20.0,6.362433308587691,-13.63756669141231
10,100,18.0,0.22500000000000003,13.0,0.38651860299281654,-12.613481397007183
10,100,18.0,0.2750000000000001,24.0,0.03360362861060128,-23.966396371389397
10,100,18.0,0.32500000000000007,8.0,0.005628133528280561,-7.994371866471719
10,100,18.0,0.3750000000000001,14.0,0.0007708393658072683,-13.999229160634192
10,100,18.0,0.4250000000000001,7.0,0.0001528377691250448,-6.999847162230875
10,100,18.0,0.4750000000000001,4.0,2.4438184963674604e-05,-3.9999755618150363
10,100,18.0,0.5250000000000001,2.0,6.333531829324548e-06,-1.9999936664681708
10,100,18.0,0.5750000000000002,1.0,1.2411278726352444e-06,-0.9999987588721274
10,100,25.0,0.025,0.0,0.2736907358788694,0.2736907358788694
10,100,25.0,0.07500000000000001,2.0,89.84885393245996,87.84885393245996
10,100,25.0,0.12500000000000003,18.0,9.659837871419086,-8.340162128580914
10,100,25.0,0.17500000000000002,35.0,0.20633981357543002,-34.79366018642457
10,100,25.0,0.22500000000000003,26.0,0.010221427721481808,-25.989778572278517
10,100,25.0,0.2750000000000001,12.0,0.0008750184181130039,-11.999124981581886
10,100,25.0,0.32500000000000007,5.0,0.00015253694645599297,-4.999847463053544
10,100,25.0,0.3750000000000001,2.0,2.256621996328388e-05,-1.9999774337800367
10,100,25.0,0.4250000000000001,0.0,4.9124534685172315e-06,4.9124534685172315e-06
10,100,25.0,0.4750000000000001,0.0,8.766488532431264e-07,8.766488532431264e-07
10,100,25.0,0.5250000000000001,0.0,2.5286489394229193e-07,2.5286489394229193e-07
10,100,25.0,0.5750000000000002,0.0,5.539342300464233e-08,5.539342300464233e-08
