split,panel,preculture_irradiance_klx,lighted_volume_percent,days,observed_dv_mm,predicted_dv_mm,residual_mm
calibration,a,3,5,0.0,0.15,0.15,0.0
calibration,a,3,5,4.0,0.075,0.07037548173073255,-0.00462451826926745
calibration,a,3,5,8.0,0.073,0.05174609381493125,-0.021253906185068748
calibration,a,3,5,12.0,0.05,0.045111250679204705,-0.004888749320795298
calibration,a,3,5,16.0,0.05,0.04203588603746248,-0.007964113962537524
calibration,a,3,5,21.0,0.05,0.039947473303611994,-0.010052526696388009
calibration,a,3,25,0.0,0.15,0.15,0.0
calibration,a,3,25,4.0,0.145,0.11238989827442478,-0.032610101725575213
calibration,a,3,25,8.0,0.078,0.0970110035151193,0.019011003515119307
calibration,a,3,25,12.0,0.063,0.08654625876342775,0.023546258763427752
calibration,a,3,25,16.0,0.055,0.07852848788496507,0.023528487884965067
calibration,a,3,25,21.0,0.06,0.07033586489453157,0.010335864894531574
calibration,a,3,50,0.0,0.15,0.15,0.0
calibration,a,3,50,4.0,0.14,0.1537395747138502,0.013739574713850178
calibration,a,3,50,8.0,0.175,0.1399167037304718,-0.03508329626952819
calibration,a,3,50,12.0,0.095,0.12324707279103439,0.02824707279103439
calibration,a,3,50,16.0,0.1,0.11088544751967587,0.010885447519675864
calibration,a,3,50,21.0,0.105,0.09843093999095326,-0.006569060009046737
calibration,a,3,100,0.0,0.15,0.15,0.0
calibration,a,3,100,4.0,0.198,0.181193089192715,-0.016806910807284997
calibration,a,3,100,8.0,0.17,0.19434639064061823,0.02434639064061822
calibration,a,3,100,12.0,0.17,0.18194577985589377,0.011945779855893762
calibration,a,3,100,16.0,0.2,0.17846796281786928,-0.02153203718213073
calibration,a,3,100,21.0,0.198,0.17996994506315744,-0.018030054936842566
prediction,b,10,5,0.0,0.07,0.07000000000000003,2.7755575615628914e-17
prediction,b,10,5,5.0,0.052,0.049243304939893866,-0.002756695060106132
prediction,b,10,5,9.0,0.043,0.04511436252750858,0.00211436252750858
prediction,b,10,5,13.0,0.045,0.04299764426713364,-0.002002355732866355
prediction,b,10,5,18.0,0.044,0.041404996268597664,-0.002595003731402333
prediction,b,10,5,25.0,0.046,0.03997046207355034,-0.0060295379264496615
prediction,b,10,25,0.0,0.07,0.07000000000000003,2.7755575615628914e-17
prediction,b,10,25,5.0,0.098,0.08194043143365286,-0.016059568566347146
prediction,b,10,25,9.0,0.132,0.08510130700636574,-0.046898692993634264
prediction,b,10,25,13.0,0.055,0.08151958660218633,0.026519586602186333
prediction,b,10,25,18.0,0.05,0.07392897145260821,0.023928971452608208
prediction,b,10,25,25.0,0.052,0.06372716204213959,0.01172716204213959
prediction,b,10,50,0.0,0.07,0.07000000000000003,2.7755575615628914e-17
prediction,b,10,50,5.0,0.155,0.08767785233122853,-0.06732214766877147
prediction,b,10,50,9.0,0.164,0.10075119295197303,-0.06324880704802698
prediction,b,10,50,13.0,0.1,0.10223882166755098,0.0022388216675509748
prediction,b,10,50,18.0,0.064,0.0862945415917297,0.022294541591729694
prediction,b,10,50,25.0,0.063,0.06250178220649417,-0.0004982177935058257
prediction,b,10,100,0.0,0.07,0.07000000000000003,2.7755575615628914e-17
prediction,b,10,100,5.0,0.14,0.09028231387181308,-0.04971768612818693
prediction,b,10,100,9.0,0.19,0.10891423735182143,-0.08108576264817857
prediction,b,10,100,13.0,0.23,0.12260835868042678,-0.10739164131957323
prediction,b,10,100,18.0,0.235,0.11196860919194576,-0.12303139080805423
prediction,b,10,100,25.0,0.14,0.08230411284801033,-0.057695887151989686
