condition,day,diameter_um,volume_percent,note
Start,0,1.0,0.0,"Point re-extraction of published Fig. 2 (PMC6393799 f2), 25 Sep 2026; interpolated: series hidden under another curve or at baseline; renormalized to 100 %"
Start,0,1.151145407204122,0.0,"Point re-extraction of published Fig. 2 (PMC6393799 f2), 25 Sep 2026; interpolated: series hidden under another curve or at baseline; renormalized to 100 %"
Start,0,1.3251357485271442,0.0,"Point re-extraction of published Fig. 2 (PMC6393799 f2), 25 Sep 2026; interpolated: series hidden under another curve or at baseline; renormalized to 100 %"
Start,0,1.5254239308390185,0.0,"Point re-extraction of published Fig. 2 (PMC6393799 f2), 25 Sep 2026; interpolated: series hidden under another curve or at baseline; renormalized to 100 %"
Start,0,1.7559847520245946,0.0,"Point re-extraction of published Fig. 2 (PMC6393799 f2), 25 Sep 2026; interpolated: series hidden under another curve or at baseline; renormalized to 100 %"
Start,0,2.0213937824135813,0.0,"Point re-extraction of published Fig. 2 (PMC6393799 f2), 25 Sep 2026; interpolated: series hidden under another curve or at baseline; renormalized to 100 %"
Start,0,2.3269181687763627,0.0,"Point re-extraction of published Fig. 2 (PMC6393799 f2), 25 Sep 2026; interpolated: series hidden under another curve or at baseline; renormalized to 100 %"
Start,0,2.6786211629267362,0.0,"Point re-extraction of published Fig. 2 (PMC6393799 f2), 25 Sep 2026; interpolated: series hidden under another curve or at baseline; renormalized to 100 %"
Start,0,3.083482449342877,0.0,"Point re-extraction of published Fig. 2 (PMC6393799 f2), 25 Sep 2026; interpolated: series hidden under another curve or at baseline; renormalized to 100 %"
Start,0,3.54953665975557,0.0,"Point re-extraction of published Fig. 2 (PMC6393799 f2), 25 Sep 2026; interpolated: series hidden under another curve or at baseline; renormalized to 100 %"
Start,0,4.086032823580285,0.0,"Point re-extraction of published Fig. 2 (PMC6393799 f2), 25 Sep 2026; interpolated: series hidden under another curve or at baseline; renormalized to 100 %"
Start,0,4.703617918549736,0.0,"Point re-extraction of published Fig. 2 (PMC6393799 f2), 25 Sep 2026; interpolated: series hidden under another curve or at baseline; renormalized to 100 %"
Start,0,5.414548164181541,0.0,"Point re-extraction of published Fig. 2 (PMC6393799 f2), 25 Sep 2026; interpolated: series hidden under another curve or at baseline; renormalized to 100 %"
Start,0,6.232932251283093,0.0,"Point re-extraction of published Fig. 2 (PMC6393799 f2), 25 Sep 2026; interpolated: series hidden under another curve or at baseline; renormalized to 100 %"
Start,0,7.175011334478982,0.0,"Point re-extraction of published Fig. 2 (PMC6393799 f2), 25 Sep 2026; interpolated: series hidden under another curve or at baseline; renormalized to 100 %"
Start,0,8.259481344323,0.0,"Point re-extraction of published Fig. 2 (PMC6393799 f2), 25 Sep 2026; interpolated: series hidden under another curve or at baseline; renormalized to 100 %"
Start,0,9.507864015405548,0.3078761927679213,"Point re-extraction of published Fig. 2 (PMC6393799 f2), 25 Sep 2026; interpolated: series hidden under another curve or at baseline; renormalized to 100 %"
Start,0,10.944933993655441,0.18402534883152333,"Point re-extraction of published Fig. 2 (PMC6393799 f2), 25 Sep 2026; interpolated: series hidden under another curve or at baseline; renormalized to 100 %"
Start,0,12.599210498948727,0.2872501871085039,"Point re-extraction of published Fig. 2 (PMC6393799 f2), 25 Sep 2026; interpolated: series hidden under another curve or at baseline; renormalized to 100 %"
Start,0,14.503523300262788,0.39047502538548484,"Point re-extraction of published Fig. 2 (PMC6393799 f2), 25 Sep 2026; interpolated: series hidden under another curve or at baseline; renormalized to 100 %"
Start,0,16.695664235375478,0.4936998636624653,"Point re-extraction of published Fig. 2 (PMC6393799 f2), 25 Sep 2026; interpolated: series hidden under another curve or at baseline; renormalized to 100 %"
Start,0,19.219137204774608,0.5697820147414683,"Point re-extraction of published Fig. 2 (PMC6393799 f2), 25 Sep 2026; interpolated: series hidden under another curve or at baseline; renormalized to 100 %"
Start,0,22.12402152370215,0.6509044540917545,"Point re-extraction of published Fig. 2 (PMC6393799 f2), 25 Sep 2026; interpolated: series hidden under another curve or at baseline; renormalized to 100 %"
Start,0,25.467965765894885,0.7052457956612911,"Point re-extraction of published Fig. 2 (PMC6393799 f2), 25 Sep 2026; interpolated: series hidden under another curve or at baseline; renormalized to 100 %"
Start,0,29.3173318222417,0.7425399307807163,"Point re-extraction of published Fig. 2 (PMC6393799 f2), 25 Sep 2026; interpolated: series hidden under another curve or at baseline; renormalized to 100 %"
Start,0,33.7485118786528,0.7696904819198033,"Point re-extraction of published Fig. 2 (PMC6393799 f2), 25 Sep 2026; traced; renormalized to 100 %"
Start,0,38.84944444908492,0.7696904819198033,"Point re-extraction of published Fig. 2 (PMC6393799 f2), 25 Sep 2026; traced; renormalized to 100 %"
Start,0,44.721359549995796,0.747699325293523,"Point re-extraction of published Fig. 2 (PMC6393799 f2), 25 Sep 2026; traced; renormalized to 100 %"
Start,0,51.480787649901856,0.747699325293523,"Point re-extraction of published Fig. 2 (PMC6393799 f2), 25 Sep 2026; traced; renormalized to 100 %"
Start,0,59.261872262435226,0.747699325293523,"Point re-extraction of published Fig. 2 (PMC6393799 f2), 25 Sep 2026; traced; renormalized to 100 %"
Start,0,68.21903207721965,0.8356639517986435,"Point re-extraction of published Fig. 2 (PMC6393799 f2), 25 Sep 2026; traced; renormalized to 100 %"
Start,0,78.53002545960211,1.011593204808884,"Point re-extraction of published Fig. 2 (PMC6393799 f2), 25 Sep 2026; traced; renormalized to 100 %"
Start,0,90.39947813544373,1.3641441901488667,"Point re-extraction of published Fig. 2 (PMC6393799 f2), 25 Sep 2026; interpolated: series hidden under another curve or at baseline; renormalized to 100 %"
Start,0,104.06294406926548,1.81653826398885,"Point re-extraction of published Fig. 2 (PMC6393799 f2), 25 Sep 2026; interpolated: series hidden under another curve or at baseline; renormalized to 100 %"
Start,0,119.79158012547443,2.3310626023856895,"Point re-extraction of published Fig. 2 (PMC6393799 f2), 25 Sep 2026; traced; renormalized to 100 %"
Start,0,137.89752728316452,3.0567707710529324,"Point re-extraction of published Fig. 2 (PMC6393799 f2), 25 Sep 2026; traced; renormalized to 100 %"
Start,0,158.74010519681985,4.024381662609256,"Point re-extraction of published Fig. 2 (PMC6393799 f2), 25 Sep 2026; traced; renormalized to 100 %"
Start,0,182.73294303641842,4.141817905236103,"Point re-extraction of published Fig. 2 (PMC6393799 f2), 25 Sep 2026; interpolated: series hidden under another curve or at baseline; renormalized to 100 %"
Start,0,210.35218812126558,5.893629975843065,"Point re-extraction of published Fig. 2 (PMC6393799 f2), 25 Sep 2026; traced; renormalized to 100 %"
Start,0,242.14595525113245,6.839249710773108,"Point re-extraction of published Fig. 2 (PMC6393799 f2), 25 Sep 2026; traced; renormalized to 100 %"
Start,0,278.7452042603958,7.498984409561511,"Point re-extraction of published Fig. 2 (PMC6393799 f2), 25 Sep 2026; traced; renormalized to 100 %"
Start,0,320.8762616645296,7.916816385460833,"Point re-extraction of published Fig. 2 (PMC6393799 f2), 25 Sep 2026; traced; renormalized to 100 %"
Start,0,369.37523489595145,8.004781011965951,"Point re-extraction of published Fig. 2 (PMC6393799 f2), 25 Sep 2026; traced; renormalized to 100 %"
Start,0,425.2046051854184,7.301063999924988,"Point re-extraction of published Fig. 2 (PMC6393799 f2), 25 Sep 2026; traced; renormalized to 100 %"
Start,0,489.47232838123614,7.400024204743251,"Point re-extraction of published Fig. 2 (PMC6393799 f2), 25 Sep 2026; traced; renormalized to 100 %"
Start,0,563.453822769568,5.530974948622478,"Point re-extraction of published Fig. 2 (PMC6393799 f2), 25 Sep 2026; interpolated: series hidden under another curve or at baseline; renormalized to 100 %"
Start,0,648.6172802527938,4.8164296792162675,"Point re-extraction of published Fig. 2 (PMC6393799 f2), 25 Sep 2026; interpolated: series hidden under another curve or at baseline; renormalized to 100 %"
Start,0,746.6528031962328,4.101884409810056,"Point re-extraction of published Fig. 2 (PMC6393799 f2), 25 Sep 2026; interpolated: series hidden under another curve or at baseline; renormalized to 100 %"
Start,0,859.505945175426,3.2384581102435748,"Point re-extraction of published Fig. 2 (PMC6393799 f2), 25 Sep 2026; interpolated: series hidden under another curve or at baseline; renormalized to 100 %"
Start,0,989.4163212533298,2.330669505622894,"Point re-extraction of published Fig. 2 (PMC6393799 f2), 25 Sep 2026; interpolated: series hidden under another curve or at baseline; renormalized to 100 %"
Start,0,1138.9620540235692,1.5358382508901405,"Point re-extraction of published Fig. 2 (PMC6393799 f2), 25 Sep 2026; interpolated: series hidden under another curve or at baseline; renormalized to 100 %"
Start,0,1311.1109374690038,0.7410069961573924,"Point re-extraction of published Fig. 2 (PMC6393799 f2), 25 Sep 2026; interpolated: series hidden under another curve or at baseline; renormalized to 100 %"
Start,0,1509.2793340025353,0.15393809638396064,"Point re-extraction of published Fig. 2 (PMC6393799 f2), 25 Sep 2026; traced; renormalized to 100 %"
Start,0,1737.3999735251152,0.0,"Point re-extraction of published Fig. 2 (PMC6393799 f2), 25 Sep 2026; interpolated: series hidden under another curve or at baseline; renormalized to 100 %"
ML,20,1.0,0.0,"Point re-extraction of published Fig. 2 (PMC6393799 f2), 25 Sep 2026; interpolated: series hidden under another curve or at baseline; renormalized to 100 %"
ML,20,1.151145407204122,0.0,"Point re-extraction of published Fig. 2 (PMC6393799 f2), 25 Sep 2026; interpolated: series hidden under another curve or at baseline; renormalized to 100 %"
ML,20,1.3251357485271442,0.0,"Point re-extraction of published Fig. 2 (PMC6393799 f2), 25 Sep 2026; interpolated: series hidden under another curve or at baseline; renormalized to 100 %"
ML,20,1.5254239308390185,0.0,"Point re-extraction of published Fig. 2 (PMC6393799 f2), 25 Sep 2026; interpolated: series hidden under another curve or at baseline; renormalized to 100 %"
ML,20,1.7559847520245946,0.0,"Point re-extraction of published Fig. 2 (PMC6393799 f2), 25 Sep 2026; interpolated: series hidden under another curve or at baseline; renormalized to 100 %"
ML,20,2.0213937824135813,0.0,"Point re-extraction of published Fig. 2 (PMC6393799 f2), 25 Sep 2026; interpolated: series hidden under another curve or at baseline; renormalized to 100 %"
ML,20,2.3269181687763627,0.0,"Point re-extraction of published Fig. 2 (PMC6393799 f2), 25 Sep 2026; interpolated: series hidden under another curve or at baseline; renormalized to 100 %"
ML,20,2.6786211629267362,0.0,"Point re-extraction of published Fig. 2 (PMC6393799 f2), 25 Sep 2026; interpolated: series hidden under another curve or at baseline; renormalized to 100 %"
ML,20,3.083482449342877,0.0,"Point re-extraction of published Fig. 2 (PMC6393799 f2), 25 Sep 2026; interpolated: series hidden under another curve or at baseline; renormalized to 100 %"
ML,20,3.54953665975557,0.0,"Point re-extraction of published Fig. 2 (PMC6393799 f2), 25 Sep 2026; interpolated: series hidden under another curve or at baseline; renormalized to 100 %"
ML,20,4.086032823580285,0.0,"Point re-extraction of published Fig. 2 (PMC6393799 f2), 25 Sep 2026; interpolated: series hidden under another curve or at baseline; renormalized to 100 %"
ML,20,4.703617918549736,0.0,"Point re-extraction of published Fig. 2 (PMC6393799 f2), 25 Sep 2026; interpolated: series hidden under another curve or at baseline; renormalized to 100 %"
ML,20,5.414548164181541,0.0,"Point re-extraction of published Fig. 2 (PMC6393799 f2), 25 Sep 2026; interpolated: series hidden under another curve or at baseline; renormalized to 100 %"
ML,20,6.232932251283093,0.0,"Point re-extraction of published Fig. 2 (PMC6393799 f2), 25 Sep 2026; interpolated: series hidden under another curve or at baseline; renormalized to 100 %"
ML,20,7.175011334478982,0.0,"Point re-extraction of published Fig. 2 (PMC6393799 f2), 25 Sep 2026; interpolated: series hidden under another curve or at baseline; renormalized to 100 %"
ML,20,8.259481344323,0.0,"Point re-extraction of published Fig. 2 (PMC6393799 f2), 25 Sep 2026; interpolated: series hidden under another curve or at baseline; renormalized to 100 %"
ML,20,9.507864015405548,0.0,"Point re-extraction of published Fig. 2 (PMC6393799 f2), 25 Sep 2026; interpolated: series hidden under another curve or at baseline; renormalized to 100 %"
ML,20,10.944933993655441,0.0,"Point re-extraction of published Fig. 2 (PMC6393799 f2), 25 Sep 2026; interpolated: series hidden under another curve or at baseline; renormalized to 100 %"
ML,20,12.599210498948727,0.0,"Point re-extraction of published Fig. 2 (PMC6393799 f2), 25 Sep 2026; interpolated: series hidden under another curve or at baseline; renormalized to 100 %"
ML,20,14.503523300262788,0.0,"Point re-extraction of published Fig. 2 (PMC6393799 f2), 25 Sep 2026; interpolated: series hidden under another curve or at baseline; renormalized to 100 %"
ML,20,16.695664235375478,0.0,"Point re-extraction of published Fig. 2 (PMC6393799 f2), 25 Sep 2026; interpolated: series hidden under another curve or at baseline; renormalized to 100 %"
ML,20,19.219137204774608,0.0,"Point re-extraction of published Fig. 2 (PMC6393799 f2), 25 Sep 2026; interpolated: series hidden under another curve or at baseline; renormalized to 100 %"
ML,20,22.12402152370215,0.0,"Point re-extraction of published Fig. 2 (PMC6393799 f2), 25 Sep 2026; interpolated: series hidden under another curve or at baseline; renormalized to 100 %"
ML,20,25.467965765894885,0.0,"Point re-extraction of published Fig. 2 (PMC6393799 f2), 25 Sep 2026; interpolated: series hidden under another curve or at baseline; renormalized to 100 %"
ML,20,29.3173318222417,0.0,"Point re-extraction of published Fig. 2 (PMC6393799 f2), 25 Sep 2026; interpolated: series hidden under another curve or at baseline; renormalized to 100 %"
ML,20,33.7485118786528,0.0,"Point re-extraction of published Fig. 2 (PMC6393799 f2), 25 Sep 2026; interpolated: series hidden under another curve or at baseline; renormalized to 100 %"
ML,20,38.84944444908492,0.0,"Point re-extraction of published Fig. 2 (PMC6393799 f2), 25 Sep 2026; interpolated: series hidden under another curve or at baseline; renormalized to 100 %"
ML,20,44.721359549995796,0.5911329424491037,"Point re-extraction of published Fig. 2 (PMC6393799 f2), 25 Sep 2026; traced; renormalized to 100 %"
ML,20,51.480787649901856,0.5001894128415493,"Point re-extraction of published Fig. 2 (PMC6393799 f2), 25 Sep 2026; traced; renormalized to 100 %"
ML,20,59.261872262435226,0.5229252952434379,"Point re-extraction of published Fig. 2 (PMC6393799 f2), 25 Sep 2026; traced; renormalized to 100 %"
ML,20,68.21903207721965,0.6138688248509924,"Point re-extraction of published Fig. 2 (PMC6393799 f2), 25 Sep 2026; traced; renormalized to 100 %"
ML,20,78.53002545960211,0.8184917664679898,"Point re-extraction of published Fig. 2 (PMC6393799 f2), 25 Sep 2026; traced; renormalized to 100 %"
ML,20,90.39947813544373,1.273209414505762,"Point re-extraction of published Fig. 2 (PMC6393799 f2), 25 Sep 2026; traced; renormalized to 100 %"
ML,20,104.06294406926548,1.9098141217586426,"Point re-extraction of published Fig. 2 (PMC6393799 f2), 25 Sep 2026; traced; renormalized to 100 %"
ML,20,119.79158012547443,2.978400594647407,"Point re-extraction of published Fig. 2 (PMC6393799 f2), 25 Sep 2026; traced; renormalized to 100 %"
ML,20,137.89752728316452,3.865100008321063,"Point re-extraction of published Fig. 2 (PMC6393799 f2), 25 Sep 2026; traced; renormalized to 100 %"
ML,20,158.74010519681985,5.092837658023048,"Point re-extraction of published Fig. 2 (PMC6393799 f2), 25 Sep 2026; traced; renormalized to 100 %"
ML,20,182.73294303641842,6.36604707252881,"Point re-extraction of published Fig. 2 (PMC6393799 f2), 25 Sep 2026; traced; renormalized to 100 %"
ML,20,210.35218812126558,7.434633545417573,"Point re-extraction of published Fig. 2 (PMC6393799 f2), 25 Sep 2026; traced; renormalized to 100 %"
ML,20,242.14595525113245,8.424816076552634,"Point re-extraction of published Fig. 2 (PMC6393799 f2), 25 Sep 2026; interpolated: series hidden under another curve or at baseline; renormalized to 100 %"
ML,20,278.7452042603958,8.980673548745997,"Point re-extraction of published Fig. 2 (PMC6393799 f2), 25 Sep 2026; traced; renormalized to 100 %"
ML,20,320.8762616645296,9.003409431147887,"Point re-extraction of published Fig. 2 (PMC6393799 f2), 25 Sep 2026; traced; renormalized to 100 %"
ML,20,369.37523489595145,8.560059724311058,"Point re-extraction of published Fig. 2 (PMC6393799 f2), 25 Sep 2026; traced; renormalized to 100 %"
ML,20,425.2046051854184,7.775671781445902,"Point re-extraction of published Fig. 2 (PMC6393799 f2), 25 Sep 2026; traced; renormalized to 100 %"
ML,20,489.47232838123614,6.8093967793656365,"Point re-extraction of published Fig. 2 (PMC6393799 f2), 25 Sep 2026; traced; renormalized to 100 %"
ML,20,563.453822769568,5.479347658855153,"Point re-extraction of published Fig. 2 (PMC6393799 f2), 25 Sep 2026; traced; renormalized to 100 %"
ML,20,648.6172802527938,4.342553538760724,"Point re-extraction of published Fig. 2 (PMC6393799 f2), 25 Sep 2026; traced; renormalized to 100 %"
ML,20,746.6528031962328,3.2171273598672374,"Point re-extraction of published Fig. 2 (PMC6393799 f2), 25 Sep 2026; traced; renormalized to 100 %"
ML,20,859.505945175426,2.2281164753850833,"Point re-extraction of published Fig. 2 (PMC6393799 f2), 25 Sep 2026; traced; renormalized to 100 %"
ML,20,989.4163212533298,1.4892002973237035,"Point re-extraction of published Fig. 2 (PMC6393799 f2), 25 Sep 2026; traced; renormalized to 100 %"
ML,20,1138.9620540235692,0.9321711784774327,"Point re-extraction of published Fig. 2 (PMC6393799 f2), 25 Sep 2026; traced; renormalized to 100 %"
ML,20,1311.1109374690038,0.5115573540424936,"Point re-extraction of published Fig. 2 (PMC6393799 f2), 25 Sep 2026; traced; renormalized to 100 %"
ML,20,1509.2793340025353,0.27924813866367204,"Point re-extraction of published Fig. 2 (PMC6393799 f2), 25 Sep 2026; interpolated: series hidden under another curve or at baseline; renormalized to 100 %"
ML,20,1737.3999735251152,0.0,"Point re-extraction of published Fig. 2 (PMC6393799 f2), 25 Sep 2026; interpolated: series hidden under another curve or at baseline; renormalized to 100 %"
LL1,20,1.0,0.0,"Point re-extraction of published Fig. 2 (PMC6393799 f2), 25 Sep 2026; interpolated: series hidden under another curve or at baseline; renormalized to 100 %"
LL1,20,1.151145407204122,0.0,"Point re-extraction of published Fig. 2 (PMC6393799 f2), 25 Sep 2026; interpolated: series hidden under another curve or at baseline; renormalized to 100 %"
LL1,20,1.3251357485271442,0.0,"Point re-extraction of published Fig. 2 (PMC6393799 f2), 25 Sep 2026; interpolated: series hidden under another curve or at baseline; renormalized to 100 %"
LL1,20,1.5254239308390185,0.0,"Point re-extraction of published Fig. 2 (PMC6393799 f2), 25 Sep 2026; interpolated: series hidden under another curve or at baseline; renormalized to 100 %"
LL1,20,1.7559847520245946,0.0,"Point re-extraction of published Fig. 2 (PMC6393799 f2), 25 Sep 2026; interpolated: series hidden under another curve or at baseline; renormalized to 100 %"
LL1,20,2.0213937824135813,0.0,"Point re-extraction of published Fig. 2 (PMC6393799 f2), 25 Sep 2026; interpolated: series hidden under another curve or at baseline; renormalized to 100 %"
LL1,20,2.3269181687763627,0.0,"Point re-extraction of published Fig. 2 (PMC6393799 f2), 25 Sep 2026; interpolated: series hidden under another curve or at baseline; renormalized to 100 %"
LL1,20,2.6786211629267362,0.0,"Point re-extraction of published Fig. 2 (PMC6393799 f2), 25 Sep 2026; interpolated: series hidden under another curve or at baseline; renormalized to 100 %"
LL1,20,3.083482449342877,0.0,"Point re-extraction of published Fig. 2 (PMC6393799 f2), 25 Sep 2026; interpolated: series hidden under another curve or at baseline; renormalized to 100 %"
LL1,20,3.54953665975557,0.0,"Point re-extraction of published Fig. 2 (PMC6393799 f2), 25 Sep 2026; interpolated: series hidden under another curve or at baseline; renormalized to 100 %"
LL1,20,4.086032823580285,0.0,"Point re-extraction of published Fig. 2 (PMC6393799 f2), 25 Sep 2026; interpolated: series hidden under another curve or at baseline; renormalized to 100 %"
LL1,20,4.703617918549736,0.0,"Point re-extraction of published Fig. 2 (PMC6393799 f2), 25 Sep 2026; interpolated: series hidden under another curve or at baseline; renormalized to 100 %"
LL1,20,5.414548164181541,0.0,"Point re-extraction of published Fig. 2 (PMC6393799 f2), 25 Sep 2026; interpolated: series hidden under another curve or at baseline; renormalized to 100 %"
LL1,20,6.232932251283093,0.0,"Point re-extraction of published Fig. 2 (PMC6393799 f2), 25 Sep 2026; interpolated: series hidden under another curve or at baseline; renormalized to 100 %"
LL1,20,7.175011334478982,0.0,"Point re-extraction of published Fig. 2 (PMC6393799 f2), 25 Sep 2026; interpolated: series hidden under another curve or at baseline; renormalized to 100 %"
LL1,20,8.259481344323,0.0,"Point re-extraction of published Fig. 2 (PMC6393799 f2), 25 Sep 2026; interpolated: series hidden under another curve or at baseline; renormalized to 100 %"
LL1,20,9.507864015405548,0.0,"Point re-extraction of published Fig. 2 (PMC6393799 f2), 25 Sep 2026; interpolated: series hidden under another curve or at baseline; renormalized to 100 %"
LL1,20,10.944933993655441,0.0,"Point re-extraction of published Fig. 2 (PMC6393799 f2), 25 Sep 2026; interpolated: series hidden under another curve or at baseline; renormalized to 100 %"
LL1,20,12.599210498948727,0.0,"Point re-extraction of published Fig. 2 (PMC6393799 f2), 25 Sep 2026; interpolated: series hidden under another curve or at baseline; renormalized to 100 %"
LL1,20,14.503523300262788,0.0,"Point re-extraction of published Fig. 2 (PMC6393799 f2), 25 Sep 2026; interpolated: series hidden under another curve or at baseline; renormalized to 100 %"
LL1,20,16.695664235375478,0.1812511917256461,"Point re-extraction of published Fig. 2 (PMC6393799 f2), 25 Sep 2026; interpolated: series hidden under another curve or at baseline; renormalized to 100 %"
LL1,20,19.219137204774608,0.12120618109680656,"Point re-extraction of published Fig. 2 (PMC6393799 f2), 25 Sep 2026; interpolated: series hidden under another curve or at baseline; renormalized to 100 %"
LL1,20,22.12402152370215,0.26174638593794214,"Point re-extraction of published Fig. 2 (PMC6393799 f2), 25 Sep 2026; interpolated: series hidden under another curve or at baseline; renormalized to 100 %"
LL1,20,25.467965765894885,0.48825787034255624,"Point re-extraction of published Fig. 2 (PMC6393799 f2), 25 Sep 2026; interpolated: series hidden under another curve or at baseline; renormalized to 100 %"
LL1,20,29.3173318222417,0.7791382971856219,"Point re-extraction of published Fig. 2 (PMC6393799 f2), 25 Sep 2026; traced; renormalized to 100 %"
LL1,20,33.7485118786528,1.2911434639076018,"Point re-extraction of published Fig. 2 (PMC6393799 f2), 25 Sep 2026; traced; renormalized to 100 %"
LL1,20,38.84944444908492,1.8588013661428409,"Point re-extraction of published Fig. 2 (PMC6393799 f2), 25 Sep 2026; traced; renormalized to 100 %"
LL1,20,44.721359549995796,2.42025841983442,"Point re-extraction of published Fig. 2 (PMC6393799 f2), 25 Sep 2026; interpolated: series hidden under another curve or at baseline; renormalized to 100 %"
LL1,20,51.480787649901856,3.005413087879672,"Point re-extraction of published Fig. 2 (PMC6393799 f2), 25 Sep 2026; interpolated: series hidden under another curve or at baseline; renormalized to 100 %"
LL1,20,59.261872262435226,3.5905677559249254,"Point re-extraction of published Fig. 2 (PMC6393799 f2), 25 Sep 2026; interpolated: series hidden under another curve or at baseline; renormalized to 100 %"
LL1,20,68.21903207721965,3.917952580133413,"Point re-extraction of published Fig. 2 (PMC6393799 f2), 25 Sep 2026; traced; renormalized to 100 %"
LL1,20,78.53002545960211,3.873430391722806,"Point re-extraction of published Fig. 2 (PMC6393799 f2), 25 Sep 2026; traced; renormalized to 100 %"
LL1,20,90.39947813544373,3.595166714156512,"Point re-extraction of published Fig. 2 (PMC6393799 f2), 25 Sep 2026; traced; renormalized to 100 %"
LL1,20,104.06294406926548,3.2278586597690047,"Point re-extraction of published Fig. 2 (PMC6393799 f2), 25 Sep 2026; traced; renormalized to 100 %"
LL1,20,119.79158012547443,2.849420058278846,"Point re-extraction of published Fig. 2 (PMC6393799 f2), 25 Sep 2026; traced; renormalized to 100 %"
LL1,20,137.89752728316452,2.4945277079819927,"Point re-extraction of published Fig. 2 (PMC6393799 f2), 25 Sep 2026; interpolated: series hidden under another curve or at baseline; renormalized to 100 %"
LL1,20,158.74010519681985,2.4264592683780797,"Point re-extraction of published Fig. 2 (PMC6393799 f2), 25 Sep 2026; traced; renormalized to 100 %"
LL1,20,182.73294303641842,2.738114587252328,"Point re-extraction of published Fig. 2 (PMC6393799 f2), 25 Sep 2026; traced; renormalized to 100 %"
LL1,20,210.35218812126558,3.405947413411433,"Point re-extraction of published Fig. 2 (PMC6393799 f2), 25 Sep 2026; traced; renormalized to 100 %"
LL1,20,242.14595525113245,4.340913370034179,"Point re-extraction of published Fig. 2 (PMC6393799 f2), 25 Sep 2026; traced; renormalized to 100 %"
LL1,20,278.7452042603958,5.209096044041014,"Point re-extraction of published Fig. 2 (PMC6393799 f2), 25 Sep 2026; traced; renormalized to 100 %"
LL1,20,320.8762616645296,5.899189964405423,"Point re-extraction of published Fig. 2 (PMC6393799 f2), 25 Sep 2026; traced; renormalized to 100 %"
LL1,20,369.37523489595145,6.622675526077786,"Point re-extraction of published Fig. 2 (PMC6393799 f2), 25 Sep 2026; traced; renormalized to 100 %"
LL1,20,425.2046051854184,6.6783282615910435,"Point re-extraction of published Fig. 2 (PMC6393799 f2), 25 Sep 2026; traced; renormalized to 100 %"
LL1,20,489.47232838123614,6.455717319538009,"Point re-extraction of published Fig. 2 (PMC6393799 f2), 25 Sep 2026; traced; renormalized to 100 %"
LL1,20,563.453822769568,5.854667775994815,"Point re-extraction of published Fig. 2 (PMC6393799 f2), 25 Sep 2026; traced; renormalized to 100 %"
LL1,20,648.6172802527938,4.941962913577373,"Point re-extraction of published Fig. 2 (PMC6393799 f2), 25 Sep 2026; traced; renormalized to 100 %"
LL1,20,746.6528031962328,3.9942626873036544,"Point re-extraction of published Fig. 2 (PMC6393799 f2), 25 Sep 2026; interpolated: series hidden under another curve or at baseline; renormalized to 100 %"
LL1,20,859.505945175426,3.091089177929465,"Point re-extraction of published Fig. 2 (PMC6393799 f2), 25 Sep 2026; interpolated: series hidden under another curve or at baseline; renormalized to 100 %"
LL1,20,989.4163212533298,2.2038483263250446,"Point re-extraction of published Fig. 2 (PMC6393799 f2), 25 Sep 2026; traced; renormalized to 100 %"
LL1,20,1138.9620540235692,1.335665652318209,"Point re-extraction of published Fig. 2 (PMC6393799 f2), 25 Sep 2026; traced; renormalized to 100 %"
LL1,20,1311.1109374690038,0.8459215798015324,"Point re-extraction of published Fig. 2 (PMC6393799 f2), 25 Sep 2026; traced; renormalized to 100 %"
LL1,20,1509.2793340025353,0.0,"Point re-extraction of published Fig. 2 (PMC6393799 f2), 25 Sep 2026; interpolated: series hidden under another curve or at baseline; renormalized to 100 %"
LL1,20,1737.3999735251152,0.0,"Point re-extraction of published Fig. 2 (PMC6393799 f2), 25 Sep 2026; interpolated: series hidden under another curve or at baseline; renormalized to 100 %"
LL2,20,1.0,0.0,"Point re-extraction of published Fig. 2 (PMC6393799 f2), 25 Sep 2026; interpolated: series hidden under another curve or at baseline; renormalized to 100 %"
LL2,20,1.151145407204122,0.0,"Point re-extraction of published Fig. 2 (PMC6393799 f2), 25 Sep 2026; interpolated: series hidden under another curve or at baseline; renormalized to 100 %"
LL2,20,1.3251357485271442,0.0,"Point re-extraction of published Fig. 2 (PMC6393799 f2), 25 Sep 2026; interpolated: series hidden under another curve or at baseline; renormalized to 100 %"
LL2,20,1.5254239308390185,0.0,"Point re-extraction of published Fig. 2 (PMC6393799 f2), 25 Sep 2026; interpolated: series hidden under another curve or at baseline; renormalized to 100 %"
LL2,20,1.7559847520245946,0.0,"Point re-extraction of published Fig. 2 (PMC6393799 f2), 25 Sep 2026; interpolated: series hidden under another curve or at baseline; renormalized to 100 %"
LL2,20,2.0213937824135813,0.0,"Point re-extraction of published Fig. 2 (PMC6393799 f2), 25 Sep 2026; interpolated: series hidden under another curve or at baseline; renormalized to 100 %"
LL2,20,2.3269181687763627,0.0,"Point re-extraction of published Fig. 2 (PMC6393799 f2), 25 Sep 2026; interpolated: series hidden under another curve or at baseline; renormalized to 100 %"
LL2,20,2.6786211629267362,0.0,"Point re-extraction of published Fig. 2 (PMC6393799 f2), 25 Sep 2026; interpolated: series hidden under another curve or at baseline; renormalized to 100 %"
LL2,20,3.083482449342877,0.0,"Point re-extraction of published Fig. 2 (PMC6393799 f2), 25 Sep 2026; interpolated: series hidden under another curve or at baseline; renormalized to 100 %"
LL2,20,3.54953665975557,0.0,"Point re-extraction of published Fig. 2 (PMC6393799 f2), 25 Sep 2026; interpolated: series hidden under another curve or at baseline; renormalized to 100 %"
LL2,20,4.086032823580285,0.0,"Point re-extraction of published Fig. 2 (PMC6393799 f2), 25 Sep 2026; interpolated: series hidden under another curve or at baseline; renormalized to 100 %"
LL2,20,4.703617918549736,0.0,"Point re-extraction of published Fig. 2 (PMC6393799 f2), 25 Sep 2026; interpolated: series hidden under another curve or at baseline; renormalized to 100 %"
LL2,20,5.414548164181541,0.0,"Point re-extraction of published Fig. 2 (PMC6393799 f2), 25 Sep 2026; interpolated: series hidden under another curve or at baseline; renormalized to 100 %"
LL2,20,6.232932251283093,0.30148321003633305,"Point re-extraction of published Fig. 2 (PMC6393799 f2), 25 Sep 2026; interpolated: series hidden under another curve or at baseline; renormalized to 100 %"
LL2,20,7.175011334478982,0.3722168439500074,"Point re-extraction of published Fig. 2 (PMC6393799 f2), 25 Sep 2026; interpolated: series hidden under another curve or at baseline; renormalized to 100 %"
LL2,20,8.259481344323,0.4086241506142886,"Point re-extraction of published Fig. 2 (PMC6393799 f2), 25 Sep 2026; interpolated: series hidden under another curve or at baseline; renormalized to 100 %"
LL2,20,9.507864015405548,0.4509496539635583,"Point re-extraction of published Fig. 2 (PMC6393799 f2), 25 Sep 2026; traced; renormalized to 100 %"
LL2,20,10.944933993655441,0.4509496539635583,"Point re-extraction of published Fig. 2 (PMC6393799 f2), 25 Sep 2026; traced; renormalized to 100 %"
LL2,20,12.599210498948727,0.4080020678717909,"Point re-extraction of published Fig. 2 (PMC6393799 f2), 25 Sep 2026; traced; renormalized to 100 %"
LL2,20,14.503523300262788,0.45691157179016023,"Point re-extraction of published Fig. 2 (PMC6393799 f2), 25 Sep 2026; interpolated: series hidden under another curve or at baseline; renormalized to 100 %"
LL2,20,16.695664235375478,0.5074602003722686,"Point re-extraction of published Fig. 2 (PMC6393799 f2), 25 Sep 2026; interpolated: series hidden under another curve or at baseline; renormalized to 100 %"
LL2,20,19.219137204774608,0.5580088289543772,"Point re-extraction of published Fig. 2 (PMC6393799 f2), 25 Sep 2026; interpolated: series hidden under another curve or at baseline; renormalized to 100 %"
LL2,20,22.12402152370215,0.6085574575364855,"Point re-extraction of published Fig. 2 (PMC6393799 f2), 25 Sep 2026; interpolated: series hidden under another curve or at baseline; renormalized to 100 %"
LL2,20,25.467965765894885,0.6656875844223955,"Point re-extraction of published Fig. 2 (PMC6393799 f2), 25 Sep 2026; traced; renormalized to 100 %"
LL2,20,29.3173318222417,0.9233731009730003,"Point re-extraction of published Fig. 2 (PMC6393799 f2), 25 Sep 2026; traced; renormalized to 100 %"
LL2,20,33.7485118786528,1.503165513211861,"Point re-extraction of published Fig. 2 (PMC6393799 f2), 25 Sep 2026; traced; renormalized to 100 %"
LL2,20,38.84944444908492,2.1239100122055445,"Point re-extraction of published Fig. 2 (PMC6393799 f2), 25 Sep 2026; interpolated: series hidden under another curve or at baseline; renormalized to 100 %"
LL2,20,44.721359549995796,2.800085677526979,"Point re-extraction of published Fig. 2 (PMC6393799 f2), 25 Sep 2026; interpolated: series hidden under another curve or at baseline; renormalized to 100 %"
LL2,20,51.480787649901856,3.4762613428484115,"Point re-extraction of published Fig. 2 (PMC6393799 f2), 25 Sep 2026; interpolated: series hidden under another curve or at baseline; renormalized to 100 %"
LL2,20,59.261872262435226,4.152437008169846,"Point re-extraction of published Fig. 2 (PMC6393799 f2), 25 Sep 2026; interpolated: series hidden under another curve or at baseline; renormalized to 100 %"
LL2,20,68.21903207721965,4.595391711819118,"Point re-extraction of published Fig. 2 (PMC6393799 f2), 25 Sep 2026; traced; renormalized to 100 %"
LL2,20,78.53002545960211,4.627602401387943,"Point re-extraction of published Fig. 2 (PMC6393799 f2), 25 Sep 2026; traced; renormalized to 100 %"
LL2,20,90.39947813544373,4.412864470929105,"Point re-extraction of published Fig. 2 (PMC6393799 f2), 25 Sep 2026; traced; renormalized to 100 %"
LL2,20,104.06294406926548,4.058546885672024,"Point re-extraction of published Fig. 2 (PMC6393799 f2), 25 Sep 2026; traced; renormalized to 100 %"
LL2,20,119.79158012547443,3.5691058941263543,"Point re-extraction of published Fig. 2 (PMC6393799 f2), 25 Sep 2026; interpolated: series hidden under another curve or at baseline; renormalized to 100 %"
LL2,20,137.89752728316452,3.221068956882559,"Point re-extraction of published Fig. 2 (PMC6393799 f2), 25 Sep 2026; traced; renormalized to 100 %"
LL2,20,158.74010519681985,3.372970625354143,"Point re-extraction of published Fig. 2 (PMC6393799 f2), 25 Sep 2026; interpolated: series hidden under another curve or at baseline; renormalized to 100 %"
LL2,20,182.73294303641842,3.5431758525708155,"Point re-extraction of published Fig. 2 (PMC6393799 f2), 25 Sep 2026; traced; renormalized to 100 %"
LL2,20,210.35218812126558,4.058546885672024,"Point re-extraction of published Fig. 2 (PMC6393799 f2), 25 Sep 2026; traced; renormalized to 100 %"
LL2,20,242.14595525113245,4.767182056186187,"Point re-extraction of published Fig. 2 (PMC6393799 f2), 25 Sep 2026; traced; renormalized to 100 %"
LL2,20,278.7452042603958,5.4113958475627,"Point re-extraction of published Fig. 2 (PMC6393799 f2), 25 Sep 2026; traced; renormalized to 100 %"
LL2,20,320.8762616645296,5.966763574612009,"Point re-extraction of published Fig. 2 (PMC6393799 f2), 25 Sep 2026; interpolated: series hidden under another curve or at baseline; renormalized to 100 %"
LL2,20,369.37523489595145,6.120031018076862,"Point re-extraction of published Fig. 2 (PMC6393799 f2), 25 Sep 2026; traced; renormalized to 100 %"
LL2,20,425.2046051854184,5.862345501526257,"Point re-extraction of published Fig. 2 (PMC6393799 f2), 25 Sep 2026; traced; renormalized to 100 %"
LL2,20,489.47232838123614,5.218131710149745,"Point re-extraction of published Fig. 2 (PMC6393799 f2), 25 Sep 2026; traced; renormalized to 100 %"
LL2,20,563.453822769568,4.294758609176745,"Point re-extraction of published Fig. 2 (PMC6393799 f2), 25 Sep 2026; traced; renormalized to 100 %"
LL2,20,648.6172802527938,3.1995951638366753,"Point re-extraction of published Fig. 2 (PMC6393799 f2), 25 Sep 2026; traced; renormalized to 100 %"
LL2,20,746.6528031962328,2.029273442836012,"Point re-extraction of published Fig. 2 (PMC6393799 f2), 25 Sep 2026; traced; renormalized to 100 %"
LL2,20,859.505945175426,1.0092682731565352,"Point re-extraction of published Fig. 2 (PMC6393799 f2), 25 Sep 2026; traced; renormalized to 100 %"
LL2,20,989.4163212533298,0.36505448178002337,"Point re-extraction of published Fig. 2 (PMC6393799 f2), 25 Sep 2026; traced; renormalized to 100 %"
LL2,20,1138.9620540235692,0.12884275827530237,"Point re-extraction of published Fig. 2 (PMC6393799 f2), 25 Sep 2026; traced; renormalized to 100 %"
LL2,20,1311.1109374690038,0.0,"Point re-extraction of published Fig. 2 (PMC6393799 f2), 25 Sep 2026; interpolated: series hidden under another curve or at baseline; renormalized to 100 %"
LL2,20,1509.2793340025353,0.0,"Point re-extraction of published Fig. 2 (PMC6393799 f2), 25 Sep 2026; interpolated: series hidden under another curve or at baseline; renormalized to 100 %"
LL2,20,1737.3999735251152,0.0,"Point re-extraction of published Fig. 2 (PMC6393799 f2), 25 Sep 2026; interpolated: series hidden under another curve or at baseline; renormalized to 100 %"
HL1,20,1.0,0.0,"Point re-extraction of published Fig. 2 (PMC6393799 f2), 25 Sep 2026; interpolated: series hidden under another curve or at baseline; renormalized to 100 %"
HL1,20,1.151145407204122,0.0,"Point re-extraction of published Fig. 2 (PMC6393799 f2), 25 Sep 2026; interpolated: series hidden under another curve or at baseline; renormalized to 100 %"
HL1,20,1.3251357485271442,0.0,"Point re-extraction of published Fig. 2 (PMC6393799 f2), 25 Sep 2026; interpolated: series hidden under another curve or at baseline; renormalized to 100 %"
HL1,20,1.5254239308390185,0.0,"Point re-extraction of published Fig. 2 (PMC6393799 f2), 25 Sep 2026; interpolated: series hidden under another curve or at baseline; renormalized to 100 %"
HL1,20,1.7559847520245946,0.0,"Point re-extraction of published Fig. 2 (PMC6393799 f2), 25 Sep 2026; interpolated: series hidden under another curve or at baseline; renormalized to 100 %"
HL1,20,2.0213937824135813,0.0,"Point re-extraction of published Fig. 2 (PMC6393799 f2), 25 Sep 2026; interpolated: series hidden under another curve or at baseline; renormalized to 100 %"
HL1,20,2.3269181687763627,0.0,"Point re-extraction of published Fig. 2 (PMC6393799 f2), 25 Sep 2026; interpolated: series hidden under another curve or at baseline; renormalized to 100 %"
HL1,20,2.6786211629267362,0.0,"Point re-extraction of published Fig. 2 (PMC6393799 f2), 25 Sep 2026; interpolated: series hidden under another curve or at baseline; renormalized to 100 %"
HL1,20,3.083482449342877,0.0,"Point re-extraction of published Fig. 2 (PMC6393799 f2), 25 Sep 2026; interpolated: series hidden under another curve or at baseline; renormalized to 100 %"
HL1,20,3.54953665975557,0.0,"Point re-extraction of published Fig. 2 (PMC6393799 f2), 25 Sep 2026; interpolated: series hidden under another curve or at baseline; renormalized to 100 %"
HL1,20,4.086032823580285,0.0,"Point re-extraction of published Fig. 2 (PMC6393799 f2), 25 Sep 2026; interpolated: series hidden under another curve or at baseline; renormalized to 100 %"
HL1,20,4.703617918549736,0.0,"Point re-extraction of published Fig. 2 (PMC6393799 f2), 25 Sep 2026; interpolated: series hidden under another curve or at baseline; renormalized to 100 %"
HL1,20,5.414548164181541,0.0,"Point re-extraction of published Fig. 2 (PMC6393799 f2), 25 Sep 2026; interpolated: series hidden under another curve or at baseline; renormalized to 100 %"
HL1,20,6.232932251283093,0.0,"Point re-extraction of published Fig. 2 (PMC6393799 f2), 25 Sep 2026; interpolated: series hidden under another curve or at baseline; renormalized to 100 %"
HL1,20,7.175011334478982,0.0,"Point re-extraction of published Fig. 2 (PMC6393799 f2), 25 Sep 2026; interpolated: series hidden under another curve or at baseline; renormalized to 100 %"
HL1,20,8.259481344323,0.0,"Point re-extraction of published Fig. 2 (PMC6393799 f2), 25 Sep 2026; interpolated: series hidden under another curve or at baseline; renormalized to 100 %"
HL1,20,9.507864015405548,0.0,"Point re-extraction of published Fig. 2 (PMC6393799 f2), 25 Sep 2026; interpolated: series hidden under another curve or at baseline; renormalized to 100 %"
HL1,20,10.944933993655441,0.0,"Point re-extraction of published Fig. 2 (PMC6393799 f2), 25 Sep 2026; interpolated: series hidden under another curve or at baseline; renormalized to 100 %"
HL1,20,12.599210498948727,0.0,"Point re-extraction of published Fig. 2 (PMC6393799 f2), 25 Sep 2026; interpolated: series hidden under another curve or at baseline; renormalized to 100 %"
HL1,20,14.503523300262788,0.0,"Point re-extraction of published Fig. 2 (PMC6393799 f2), 25 Sep 2026; interpolated: series hidden under another curve or at baseline; renormalized to 100 %"
HL1,20,16.695664235375478,0.0,"Point re-extraction of published Fig. 2 (PMC6393799 f2), 25 Sep 2026; interpolated: series hidden under another curve or at baseline; renormalized to 100 %"
HL1,20,19.219137204774608,0.0,"Point re-extraction of published Fig. 2 (PMC6393799 f2), 25 Sep 2026; interpolated: series hidden under another curve or at baseline; renormalized to 100 %"
HL1,20,22.12402152370215,0.0,"Point re-extraction of published Fig. 2 (PMC6393799 f2), 25 Sep 2026; interpolated: series hidden under another curve or at baseline; renormalized to 100 %"
HL1,20,25.467965765894885,0.0,"Point re-extraction of published Fig. 2 (PMC6393799 f2), 25 Sep 2026; interpolated: series hidden under another curve or at baseline; renormalized to 100 %"
HL1,20,29.3173318222417,0.5385341144056277,"Point re-extraction of published Fig. 2 (PMC6393799 f2), 25 Sep 2026; traced; renormalized to 100 %"
HL1,20,33.7485118786528,0.5385341144056277,"Point re-extraction of published Fig. 2 (PMC6393799 f2), 25 Sep 2026; traced; renormalized to 100 %"
HL1,20,38.84944444908492,0.6246995727105281,"Point re-extraction of published Fig. 2 (PMC6393799 f2), 25 Sep 2026; interpolated: series hidden under another curve or at baseline; renormalized to 100 %"
HL1,20,44.721359549995796,0.6246995727105281,"Point re-extraction of published Fig. 2 (PMC6393799 f2), 25 Sep 2026; interpolated: series hidden under another curve or at baseline; renormalized to 100 %"
HL1,20,51.480787649901856,0.6246995727105281,"Point re-extraction of published Fig. 2 (PMC6393799 f2), 25 Sep 2026; interpolated: series hidden under another curve or at baseline; renormalized to 100 %"
HL1,20,59.261872262435226,0.6246995727105281,"Point re-extraction of published Fig. 2 (PMC6393799 f2), 25 Sep 2026; interpolated: series hidden under another curve or at baseline; renormalized to 100 %"
HL1,20,68.21903207721965,0.6246995727105281,"Point re-extraction of published Fig. 2 (PMC6393799 f2), 25 Sep 2026; interpolated: series hidden under another curve or at baseline; renormalized to 100 %"
HL1,20,78.53002545960211,0.6246995727105281,"Point re-extraction of published Fig. 2 (PMC6393799 f2), 25 Sep 2026; interpolated: series hidden under another curve or at baseline; renormalized to 100 %"
HL1,20,90.39947813544373,0.6246995727105281,"Point re-extraction of published Fig. 2 (PMC6393799 f2), 25 Sep 2026; interpolated: series hidden under another curve or at baseline; renormalized to 100 %"
HL1,20,104.06294406926548,0.6246995727105281,"Point re-extraction of published Fig. 2 (PMC6393799 f2), 25 Sep 2026; traced; renormalized to 100 %"
HL1,20,119.79158012547443,1.206316416268606,"Point re-extraction of published Fig. 2 (PMC6393799 f2), 25 Sep 2026; traced; renormalized to 100 %"
HL1,20,137.89752728316452,2.111053728470061,"Point re-extraction of published Fig. 2 (PMC6393799 f2), 25 Sep 2026; traced; renormalized to 100 %"
HL1,20,158.74010519681985,3.4897010613484674,"Point re-extraction of published Fig. 2 (PMC6393799 f2), 25 Sep 2026; traced; renormalized to 100 %"
HL1,20,182.73294303641842,5.083762039989126,"Point re-extraction of published Fig. 2 (PMC6393799 f2), 25 Sep 2026; traced; renormalized to 100 %"
HL1,20,210.35218812126558,6.634740289477334,"Point re-extraction of published Fig. 2 (PMC6393799 f2), 25 Sep 2026; traced; renormalized to 100 %"
HL1,20,242.14595525113245,8.104005391936521,"Point re-extraction of published Fig. 2 (PMC6393799 f2), 25 Sep 2026; interpolated: series hidden under another curve or at baseline; renormalized to 100 %"
HL1,20,278.7452042603958,9.02583175743832,"Point re-extraction of published Fig. 2 (PMC6393799 f2), 25 Sep 2026; traced; renormalized to 100 %"
HL1,20,320.8762616645296,9.478200413539048,"Point re-extraction of published Fig. 2 (PMC6393799 f2), 25 Sep 2026; traced; renormalized to 100 %"
HL1,20,369.37523489595145,9.392034955234147,"Point re-extraction of published Fig. 2 (PMC6393799 f2), 25 Sep 2026; traced; renormalized to 100 %"
HL1,20,425.2046051854184,8.745794017947395,"Point re-extraction of published Fig. 2 (PMC6393799 f2), 25 Sep 2026; traced; renormalized to 100 %"
HL1,20,489.47232838123614,7.690267153712362,"Point re-extraction of published Fig. 2 (PMC6393799 f2), 25 Sep 2026; traced; renormalized to 100 %"
HL1,20,563.453822769568,6.440868008291307,"Point re-extraction of published Fig. 2 (PMC6393799 f2), 25 Sep 2026; traced; renormalized to 100 %"
HL1,20,648.6172802527938,4.9545138525317745,"Point re-extraction of published Fig. 2 (PMC6393799 f2), 25 Sep 2026; traced; renormalized to 100 %"
HL1,20,746.6528031962328,3.942603043336373,"Point re-extraction of published Fig. 2 (PMC6393799 f2), 25 Sep 2026; interpolated: series hidden under another curve or at baseline; renormalized to 100 %"
HL1,20,859.505945175426,2.9511669469428394,"Point re-extraction of published Fig. 2 (PMC6393799 f2), 25 Sep 2026; traced; renormalized to 100 %"
HL1,20,989.4163212533298,2.0248882701651603,"Point re-extraction of published Fig. 2 (PMC6393799 f2), 25 Sep 2026; traced; renormalized to 100 %"
HL1,20,1138.9620540235692,1.2924818745735065,"Point re-extraction of published Fig. 2 (PMC6393799 f2), 25 Sep 2026; traced; renormalized to 100 %"
HL1,20,1311.1109374690038,0.6677823018629784,"Point re-extraction of published Fig. 2 (PMC6393799 f2), 25 Sep 2026; traced; renormalized to 100 %"
HL1,20,1509.2793340025353,0.38774456237205196,"Point re-extraction of published Fig. 2 (PMC6393799 f2), 25 Sep 2026; traced; renormalized to 100 %"
HL1,20,1737.3999735251152,0.3015791040671515,"Point re-extraction of published Fig. 2 (PMC6393799 f2), 25 Sep 2026; traced; renormalized to 100 %"
HL2,20,1.0,0.12662234884457108,"Point re-extraction of published Fig. 2 (PMC6393799 f2), 25 Sep 2026; traced; renormalized to 100 %"
HL2,20,1.151145407204122,0.10551862403714256,"Point re-extraction of published Fig. 2 (PMC6393799 f2), 25 Sep 2026; traced; renormalized to 100 %"
HL2,20,1.3251357485271442,0.10551862403714256,"Point re-extraction of published Fig. 2 (PMC6393799 f2), 25 Sep 2026; traced; renormalized to 100 %"
HL2,20,1.5254239308390185,0.10551862403714256,"Point re-extraction of published Fig. 2 (PMC6393799 f2), 25 Sep 2026; traced; renormalized to 100 %"
HL2,20,1.7559847520245946,0.10551862403714256,"Point re-extraction of published Fig. 2 (PMC6393799 f2), 25 Sep 2026; traced; renormalized to 100 %"
HL2,20,2.0213937824135813,0.11607048644085682,"Point re-extraction of published Fig. 2 (PMC6393799 f2), 25 Sep 2026; traced; renormalized to 100 %"
HL2,20,2.3269181687763627,0.10551862403714256,"Point re-extraction of published Fig. 2 (PMC6393799 f2), 25 Sep 2026; traced; renormalized to 100 %"
HL2,20,2.6786211629267362,0.10551862403714256,"Point re-extraction of published Fig. 2 (PMC6393799 f2), 25 Sep 2026; traced; renormalized to 100 %"
HL2,20,3.083482449342877,0.10551862403714256,"Point re-extraction of published Fig. 2 (PMC6393799 f2), 25 Sep 2026; traced; renormalized to 100 %"
HL2,20,3.54953665975557,0.11607048644085682,"Point re-extraction of published Fig. 2 (PMC6393799 f2), 25 Sep 2026; traced; renormalized to 100 %"
HL2,20,4.086032823580285,0.1477260736519996,"Point re-extraction of published Fig. 2 (PMC6393799 f2), 25 Sep 2026; traced; renormalized to 100 %"
HL2,20,4.703617918549736,0.12662234884457108,"Point re-extraction of published Fig. 2 (PMC6393799 f2), 25 Sep 2026; traced; renormalized to 100 %"
HL2,20,5.414548164181541,0.1477260736519996,"Point re-extraction of published Fig. 2 (PMC6393799 f2), 25 Sep 2026; traced; renormalized to 100 %"
HL2,20,6.232932251283093,0.1688297984594281,"Point re-extraction of published Fig. 2 (PMC6393799 f2), 25 Sep 2026; traced; renormalized to 100 %"
HL2,20,7.175011334478982,0.21103724807428512,"Point re-extraction of published Fig. 2 (PMC6393799 f2), 25 Sep 2026; traced; renormalized to 100 %"
HL2,20,8.259481344323,0.21103724807428512,"Point re-extraction of published Fig. 2 (PMC6393799 f2), 25 Sep 2026; traced; renormalized to 100 %"
HL2,20,9.507864015405548,0.21103724807428512,"Point re-extraction of published Fig. 2 (PMC6393799 f2), 25 Sep 2026; traced; renormalized to 100 %"
HL2,20,10.944933993655441,0.23214097288171365,"Point re-extraction of published Fig. 2 (PMC6393799 f2), 25 Sep 2026; traced; renormalized to 100 %"
HL2,20,12.599210498948727,0.27434842249657065,"Point re-extraction of published Fig. 2 (PMC6393799 f2), 25 Sep 2026; traced; renormalized to 100 %"
HL2,20,14.503523300262788,0.2954521473039992,"Point re-extraction of published Fig. 2 (PMC6393799 f2), 25 Sep 2026; traced; renormalized to 100 %"
HL2,20,16.695664235375478,0.3165558721114277,"Point re-extraction of published Fig. 2 (PMC6393799 f2), 25 Sep 2026; traced; renormalized to 100 %"
HL2,20,19.219137204774608,0.33765959691885616,"Point re-extraction of published Fig. 2 (PMC6393799 f2), 25 Sep 2026; traced; renormalized to 100 %"
HL2,20,22.12402152370215,0.33765959691885616,"Point re-extraction of published Fig. 2 (PMC6393799 f2), 25 Sep 2026; traced; renormalized to 100 %"
HL2,20,25.467965765894885,0.3798670465337133,"Point re-extraction of published Fig. 2 (PMC6393799 f2), 25 Sep 2026; traced; renormalized to 100 %"
HL2,20,29.3173318222417,0.3798670465337133,"Point re-extraction of published Fig. 2 (PMC6393799 f2), 25 Sep 2026; traced; renormalized to 100 %"
HL2,20,33.7485118786528,0.3798670465337133,"Point re-extraction of published Fig. 2 (PMC6393799 f2), 25 Sep 2026; traced; renormalized to 100 %"
HL2,20,38.84944444908492,0.35876332172628467,"Point re-extraction of published Fig. 2 (PMC6393799 f2), 25 Sep 2026; traced; renormalized to 100 %"
HL2,20,44.721359549995796,0.2954521473039992,"Point re-extraction of published Fig. 2 (PMC6393799 f2), 25 Sep 2026; traced; renormalized to 100 %"
HL2,20,51.480787649901856,0.21103724807428512,"Point re-extraction of published Fig. 2 (PMC6393799 f2), 25 Sep 2026; traced; renormalized to 100 %"
HL2,20,59.261872262435226,0.13717421124828533,"Point re-extraction of published Fig. 2 (PMC6393799 f2), 25 Sep 2026; traced; renormalized to 100 %"
HL2,20,68.21903207721965,0.12662234884457108,"Point re-extraction of published Fig. 2 (PMC6393799 f2), 25 Sep 2026; traced; renormalized to 100 %"
HL2,20,78.53002545960211,0.10551862403714256,"Point re-extraction of published Fig. 2 (PMC6393799 f2), 25 Sep 2026; traced; renormalized to 100 %"
HL2,20,90.39947813544373,0.1477260736519996,"Point re-extraction of published Fig. 2 (PMC6393799 f2), 25 Sep 2026; traced; renormalized to 100 %"
HL2,20,104.06294406926548,0.35876332172628467,"Point re-extraction of published Fig. 2 (PMC6393799 f2), 25 Sep 2026; traced; renormalized to 100 %"
HL2,20,119.79158012547443,0.8441489922971405,"Point re-extraction of published Fig. 2 (PMC6393799 f2), 25 Sep 2026; traced; renormalized to 100 %"
HL2,20,137.89752728316452,1.6249868101719958,"Point re-extraction of published Fig. 2 (PMC6393799 f2), 25 Sep 2026; traced; renormalized to 100 %"
HL2,20,158.74010519681985,2.7645879497731354,"Point re-extraction of published Fig. 2 (PMC6393799 f2), 25 Sep 2026; traced; renormalized to 100 %"
HL2,20,182.73294303641842,4.41067848475256,"Point re-extraction of published Fig. 2 (PMC6393799 f2), 25 Sep 2026; traced; renormalized to 100 %"
HL2,20,210.35218812126558,6.0778727445394125,"Point re-extraction of published Fig. 2 (PMC6393799 f2), 25 Sep 2026; traced; renormalized to 100 %"
HL2,20,242.14595525113245,7.977207977207978,"Point re-extraction of published Fig. 2 (PMC6393799 f2), 25 Sep 2026; traced; renormalized to 100 %"
HL2,20,278.7452042603958,9.243431465653687,"Point re-extraction of published Fig. 2 (PMC6393799 f2), 25 Sep 2026; traced; renormalized to 100 %"
HL2,20,320.8762616645296,10.003165558721115,"Point re-extraction of published Fig. 2 (PMC6393799 f2), 25 Sep 2026; traced; renormalized to 100 %"
HL2,20,369.37523489595145,10.277513981217686,"Point re-extraction of published Fig. 2 (PMC6393799 f2), 25 Sep 2026; traced; renormalized to 100 %"
HL2,20,425.2046051854184,9.792128310646829,"Point re-extraction of published Fig. 2 (PMC6393799 f2), 25 Sep 2026; traced; renormalized to 100 %"
HL2,20,489.47232838123614,8.736942070275404,"Point re-extraction of published Fig. 2 (PMC6393799 f2), 25 Sep 2026; traced; renormalized to 100 %"
HL2,20,563.453822769568,7.280785058562837,"Point re-extraction of published Fig. 2 (PMC6393799 f2), 25 Sep 2026; traced; renormalized to 100 %"
HL2,20,648.6172802527938,5.402553550701699,"Point re-extraction of published Fig. 2 (PMC6393799 f2), 25 Sep 2026; traced; renormalized to 100 %"
HL2,20,746.6528031962328,3.8408779149519887,"Point re-extraction of published Fig. 2 (PMC6393799 f2), 25 Sep 2026; traced; renormalized to 100 %"
HL2,20,859.505945175426,2.4902395272765645,"Point re-extraction of published Fig. 2 (PMC6393799 f2), 25 Sep 2026; traced; renormalized to 100 %"
HL2,20,989.4163212533298,1.4139495620977105,"Point re-extraction of published Fig. 2 (PMC6393799 f2), 25 Sep 2026; traced; renormalized to 100 %"
HL2,20,1138.9620540235692,0.48538567057085574,"Point re-extraction of published Fig. 2 (PMC6393799 f2), 25 Sep 2026; traced; renormalized to 100 %"
HL2,20,1311.1109374690038,0.12662234884457108,"Point re-extraction of published Fig. 2 (PMC6393799 f2), 25 Sep 2026; traced; renormalized to 100 %"
HL2,20,1509.2793340025353,0.10551862403714256,"Point re-extraction of published Fig. 2 (PMC6393799 f2), 25 Sep 2026; traced; renormalized to 100 %"
HL2,20,1737.3999735251152,0.10551862403714256,"Point re-extraction of published Fig. 2 (PMC6393799 f2), 25 Sep 2026; traced; renormalized to 100 %"
