preculture,volume,day,TV,W1_binned_mm,overflow_number
3,5,0.0,0.0,0.0,0.0
3,5,4.0,0.35699243747474757,0.031984359482210435,2.891325418466182e-50
3,5,16.0,0.14767105279969436,0.009430840584444256,8.133377180069924e-23
3,25,0.0,8.326672684688674e-17,7.494005416219807e-17,0.0
3,25,4.0,0.12068191960851903,0.01767812502918285,4.540722362247619e-31
3,25,16.0,0.11679904086028932,0.012368626250734,8.837290126460201e-10
3,50,0.0,2.7755575615628914e-17,2.4980018054066026e-17,0.0
3,50,4.0,0.10476451884275106,0.005455923691397467,4.3564271004791005e-27
3,50,16.0,0.5947960037207884,0.032822953150868216,1.1260815203172416e-07
3,100,0.0,8.326672684688674e-17,7.216449660063519e-17,0.0
3,100,4.0,0.3714487603288445,0.052593279436065454,9.828733048961132e-25
3,100,16.0,0.6627990493941626,0.09087340301181134,1.9519137066998015e-06
10,5,0.0,5.551115123125783e-17,5.551115123125783e-17,0.0
10,5,5.0,0.17991887485785144,0.009749555681192274,9.213445911438717e-69
10,5,18.0,0.03006297830426991,0.0014589262326708595,2.6176644918768536e-34
10,25,0.0,0.0,0.0,0.0
10,25,5.0,0.526965793340602,0.0321646367377434,1.366638029350058e-44
10,25,18.0,0.08285984064204892,0.004752004268266433,7.103589240815525e-17
10,50,0.0,5.551115123125783e-17,6.106226635438361e-17,0.0
10,50,5.0,0.6994998614401273,0.08032471851029202,1.4318863982058829e-39
10,50,18.0,0.2806658118374005,0.014338378788072783,5.234700038157355e-14
10,100,0.0,2.7755575615628914e-17,3.053113317719181e-17,0.0
10,100,5.0,0.7544124584118149,0.07522088853150542,1.642840962275611e-36
10,100,18.0,0.7894585454904961,0.14214692073936255,7.235885385885729e-12
10,100,25.0,0.8038200388574285,0.07846926947641898,1.8108800886697387e-09
