law,model,held_out,check,TV_vs_base,held_out_TV,material_relative_error,max_boundary_fraction
retained_satellites,size_only,LL,base,0.0,0.1685523609870772,-1.1373413530413323e-05,3.021380637799599e-11
retained_satellites,size_only,LL,half_dt,2.1746725666034156e-06,0.1685525988506114,-2.8508385232495215e-06,3.111721111722089e-11
retained_satellites,size_only,LL,grid2,0.006149035768846967,0.16628913388101046,-2.850836649304078e-06,9.915661894161986e-18
retained_satellites,size_only,LL,grid4,0.009279403105117148,0.16524274872212197,-7.13645844530042e-07,8.032083500376788e-30
retained_satellites,size_only,LL,expanded_domain,6.737363401942492e-10,0.16855236100039145,-1.1373411722859217e-05,1.3811358643555192e-19
retained_satellites,size_only,ML,base,0.0,0.2196773639272178,-1.1373412797555105e-05,1.7717906425453008e-11
retained_satellites,size_only,ML,half_dt,2.0503666234338003e-06,0.2196773074921866,-2.8508377619695935e-06,1.8224660167065828e-11
retained_satellites,size_only,ML,grid2,0.0059659732479633975,0.21638074331947443,-2.850836649304078e-06,4.985898514246922e-18
retained_satellites,size_only,ML,grid4,0.009010002548116621,0.2147492511525125,-7.13645844530042e-07,3.740537847720186e-30
retained_satellites,size_only,ML,expanded_domain,1.0601958031834716e-09,0.21967736392781856,-1.1373411722859217e-05,7.611267510756384e-20
retained_satellites,size_only,HL,base,0.0,0.2613765572178285,-1.137341249013435e-05,1.253633309730455e-11
retained_satellites,size_only,HL,half_dt,2.035363866438013e-06,0.26137731956837557,-2.850837443113541e-06,1.2884463242902441e-11
retained_satellites,size_only,HL,grid2,0.0059383206870085485,0.25896603535866003,-2.8508366490820336e-06,3.19531068849402e-18
retained_satellites,size_only,HL,grid4,0.009004793104566998,0.2577865906614113,-7.13645844530042e-07,2.2815924111742507e-30
retained_satellites,size_only,HL,expanded_domain,1.3596300070110964e-09,0.2613765576968595,-1.1373411722859217e-05,5.175140422432055e-20
retained_satellites,instantaneous,LL,base,0.0,0.1473769778068053,-1.1373411909931797e-05,2.9346660330384432e-12
retained_satellites,instantaneous,LL,half_dt,2.085671178594978e-06,0.14737815110321065,-2.8508368420387953e-06,3.006213782534248e-12
retained_satellites,instantaneous,LL,grid2,0.0058120761106490145,0.14677225308037928,-2.8508366490820336e-06,4.965211458451021e-19
retained_satellites,instantaneous,LL,grid4,0.008836770266025822,0.14659791447063003,-7.136458447520866e-07,2.888251008420247e-31
retained_satellites,instantaneous,LL,expanded_domain,3.0415096019213003e-09,0.14737697786394743,-1.1373411723081261e-05,1.0288517481649758e-20
retained_satellites,instantaneous,ML,base,0.0,0.2221190917852492,-1.1373413555393341e-05,3.0637341360454505e-11
retained_satellites,instantaneous,ML,half_dt,2.178755545380973e-06,0.22211902573572237,-2.8508385488956733e-06,3.155445584211789e-11
retained_satellites,instantaneous,ML,grid2,0.006156466747088748,0.2180832017404093,-2.850836649304078e-06,1.0095245140573731e-17
retained_satellites,instantaneous,ML,grid4,0.009286311292420253,0.21611769851093107,-7.13645844530042e-07,8.193992976541912e-30
retained_satellites,instantaneous,ML,expanded_domain,6.648798923638564e-10,0.2221190917862216,-1.1373411722859217e-05,1.4027845437732975e-19
retained_satellites,instantaneous,HL,base,0.0,0.24302702432708212,-1.137341353896204e-05,3.0359000737089984e-11
retained_satellites,instantaneous,HL,half_dt,2.1760739756802292e-06,0.24302781428055745,-2.8508385320202834e-06,3.1267103716123434e-11
retained_satellites,instantaneous,HL,grid2,0.0061515949525699845,0.23908113664810637,-2.850836649304078e-06,9.977143265453363e-18
retained_satellites,instantaneous,HL,grid4,0.009281784776406912,0.23715535827705553,-7.13645844530042e-07,8.087477257765848e-30
retained_satellites,instantaneous,HL,expanded_domain,6.706792128516482e-10,0.24302702456266956,-1.1373411722859217e-05,1.3885532897872022e-19
retained_satellites,finite_time,LL,base,0.0,0.18473397148788417,-1.137341175772022e-05,4.2180315192205243e-13
retained_satellites,finite_time,LL,half_dt,1.9765696908194923e-06,0.1847352446431219,-2.850836684831215e-06,4.3060117912466577e-13
retained_satellites,finite_time,LL,grid2,0.005384656389902055,0.18577097851397012,-2.850836649304078e-06,4.3543974286812396e-20
retained_satellites,finite_time,LL,grid4,0.008185546526364353,0.1863936569024655,-7.136458447520866e-07,1.9786893952442952e-32
retained_satellites,finite_time,LL,expanded_domain,5.859892439598876e-09,0.18473397152666982,-1.1373411723081261e-05,1.2294961075616375e-21
retained_satellites,finite_time,ML,base,0.0,0.2249448289717597,-1.1373413860926718e-05,3.58930213820317e-11
retained_satellites,finite_time,ML,half_dt,2.2282378158405067e-06,0.22494490463492098,-2.85083886697457e-06,3.698142894016135e-11
retained_satellites,finite_time,ML,grid2,0.0062490424569231085,0.22072368657252453,-2.850836649304078e-06,1.2382301439309106e-17
retained_satellites,finite_time,ML,grid4,0.00939757537651107,0.21866779160927344,-7.13645844530042e-07,1.0282811034514228e-29
retained_satellites,finite_time,ML,expanded_domain,5.685183755815224e-10,0.22494482897288834,-1.1373411722637172e-05,1.6742923595305962e-19
retained_satellites,finite_time,HL,base,0.0,0.24304316524933736,-1.1373413512649755e-05,2.992898087460122e-11
retained_satellites,finite_time,HL,half_dt,2.890752710443288e-06,0.2430439425497134,-2.850838504708797e-06,3.082443133734907e-11
retained_satellites,finite_time,HL,grid2,0.00614599882995111,0.23911640342714008,-2.850836648859989e-06,9.794273789400409e-18
retained_satellites,finite_time,HL,grid4,0.009282572688561752,0.23720021763712495,-7.13645844530042e-07,7.922445216218517e-30
retained_satellites,finite_time,HL,expanded_domain,6.809453245546151e-10,0.24304316548827193,-1.1373411722637172e-05,1.3664530861651765e-19
asymmetric_binary,size_only,LL,base,0.0,0.26845567267010784,-1.1373412131310268e-05,6.560796878932356e-12
asymmetric_binary,size_only,LL,half_dt,1.0589651559391726e-06,0.268456106000852,-2.8508370716329168e-06,6.732934480815637e-12
asymmetric_binary,size_only,LL,grid2,0.007870955707915116,0.2699008814367281,-2.850836649304078e-06,1.3914042942370693e-18
asymmetric_binary,size_only,LL,grid4,0.011911566458907974,0.2707727042680341,-7.13645844530042e-07,9.062890684053193e-31
asymmetric_binary,size_only,LL,expanded_domain,1.2741824437204082e-12,0.26845567267021586,-1.1373411722637172e-05,2.5162137665549952e-20
asymmetric_binary,size_only,ML,base,0.0,0.11471318295320303,-1.1373412504345204e-05,1.2769878395794865e-11
asymmetric_binary,size_only,ML,half_dt,1.1430788659077241e-06,0.11471305817212607,-2.85083745754644e-06,1.3125057781657903e-11
asymmetric_binary,size_only,ML,grid2,0.007840036956502063,0.10905373940553549,-2.8508366490820336e-06,3.2720289347699762e-18
asymmetric_binary,size_only,ML,grid4,0.011831975022751655,0.10639775362527462,-7.136458447520866e-07,2.3425285395940338e-30
asymmetric_binary,size_only,ML,expanded_domain,2.4735475702713916e-12,0.11471318295373263,-1.1373411723081261e-05,5.28271490031104e-20
asymmetric_binary,size_only,HL,base,0.0,0.14370119460631392,-1.1373412059922927e-05,5.380640313714791e-12
asymmetric_binary,size_only,HL,half_dt,1.073638145716181e-06,0.14370110226598254,-2.8508369973589964e-06,5.519324041668201e-12
asymmetric_binary,size_only,HL,grid2,0.007914695943913374,0.1450509684266909,-2.850836649526123e-06,1.0790347893127588e-18
asymmetric_binary,size_only,HL,grid4,0.012055677838803827,0.14604857879811164,-7.136458447520866e-07,6.8343024258311e-31
asymmetric_binary,size_only,HL,expanded_domain,1.0456542492986978e-12,0.14370119460647168,-1.1373411723081261e-05,2.0180898037353185e-20
asymmetric_binary,instantaneous,LL,base,0.0,0.3330909259518977,-1.1373411745618789e-05,3.292479635671152e-13
asymmetric_binary,instantaneous,LL,half_dt,1.7797169508091767e-06,0.333092210395301,-2.8508366725077394e-06,3.3570916746768685e-13
asymmetric_binary,instantaneous,LL,grid2,0.008194097997637841,0.3386515542293682,-2.8508366497481674e-06,3.053930824295704e-20
asymmetric_binary,instantaneous,LL,grid4,0.012401615404183856,0.34150491717887754,-7.136458449741312e-07,1.313801896662946e-32
asymmetric_binary,instantaneous,LL,expanded_domain,6.447672843396265e-14,0.3330909259519057,-1.137341172352535e-05,9.120170218920567e-22
asymmetric_binary,instantaneous,ML,base,0.0,0.11210397327830107,-1.1373412461601617e-05,1.2054716074815061e-11
asymmetric_binary,instantaneous,ML,half_dt,1.1265073767277733e-06,0.1121038305036858,-2.8508374128044522e-06,1.2388343363229562e-11
asymmetric_binary,instantaneous,ML,grid2,0.007847707120127983,0.10668005639969542,-2.850836649304078e-06,3.038408286333998e-18
asymmetric_binary,instantaneous,ML,grid4,0.011841193531249699,0.10404365308719236,-7.136458447520866e-07,2.1574791957456416e-30
asymmetric_binary,instantaneous,ML,expanded_domain,2.3356833420971882e-12,0.11210397327884479,-1.1373411723081261e-05,4.9540456089464596e-20
asymmetric_binary,instantaneous,HL,base,0.0,0.16156522842709292,-1.1373411934911815e-05,3.3369419388368334e-12
asymmetric_binary,instantaneous,HL,half_dt,1.2118478195820854e-06,0.1615653422129985,-2.850836867684947e-06,3.419274591478243e-12
asymmetric_binary,instantaneous,HL,grid2,0.008103353339234433,0.16472330020682516,-2.850836649304078e-06,5.852150835536865e-19
asymmetric_binary,instantaneous,HL,grid4,0.012332759683341616,0.16643513252266892,-7.136458447520866e-07,3.465938116709584e-31
asymmetric_binary,instantaneous,HL,expanded_domain,6.494630892586956e-13,0.1615652284271804,-1.1373411723303306e-05,1.1866371643899205e-20
asymmetric_binary,finite_time,LL,base,0.0,0.3270778791788101,-1.1373411753057283e-05,4.1257743986960546e-13
asymmetric_binary,finite_time,LL,half_dt,1.945985430881229e-06,0.3270792348226569,-2.8508366799462337e-06,4.2090976005550603e-13
asymmetric_binary,finite_time,LL,grid2,0.0077672713295768294,0.3317883032545513,-2.850836649304078e-06,4.126393730315786e-20
asymmetric_binary,finite_time,LL,grid4,0.011758052095327787,0.3343671099873192,-7.136458449741312e-07,1.8443113295132762e-32
asymmetric_binary,finite_time,LL,expanded_domain,8.268191239896335e-14,0.32707787917882053,-1.137341172352535e-05,1.1810229240124125e-21
asymmetric_binary,finite_time,ML,base,0.0,0.11210397327830107,-1.1373412461601617e-05,1.2054716074815061e-11
asymmetric_binary,finite_time,ML,half_dt,1.1265073767277733e-06,0.1121038305036858,-2.8508374128044522e-06,1.2388343363229562e-11
asymmetric_binary,finite_time,ML,grid2,0.007847707120127983,0.10668005639969542,-2.850836649304078e-06,3.038408286333998e-18
asymmetric_binary,finite_time,ML,grid4,0.011841193531249699,0.10404365308719236,-7.136458447520866e-07,2.1574791957456416e-30
asymmetric_binary,finite_time,ML,expanded_domain,2.3356833420971882e-12,0.11210397327884479,-1.1373411723081261e-05,4.9540456089464596e-20
asymmetric_binary,finite_time,HL,base,0.0,0.21235625890159016,-1.137341180212914e-05,1.1552676788728169e-12
asymmetric_binary,finite_time,HL,half_dt,1.618953382336812e-06,0.21235689399896654,-2.8508367305724036e-06,1.1810563750879594e-12
asymmetric_binary,finite_time,HL,grid2,0.008001569605699884,0.2171494187398753,-2.850836649304078e-06,1.5249032124555894e-19
asymmetric_binary,finite_time,HL,grid4,0.012138634037853343,0.21960834925605993,-7.136458449741312e-07,7.833952625153063e-32
asymmetric_binary,finite_time,HL,expanded_domain,2.291483126072053e-13,0.21235625890162044,-1.1373411723081261e-05,3.682171185468776e-21
broad_binary,size_only,LL,base,0.0,0.2866499489881311,-1.137341340973208e-05,2.7355626753864346e-11
broad_binary,size_only,LL,half_dt,1.1600189212141077e-06,0.28665038708878454,-2.8508383921321823e-06,2.8080842438208377e-11
broad_binary,size_only,LL,grid2,0.008915773783704659,0.28778114661202325,-2.850836649304078e-06,1.4680347533388527e-17
broad_binary,size_only,LL,grid4,0.013340100773375522,0.28848493335622694,-7.136458447520866e-07,1.568355347330623e-29
broad_binary,size_only,LL,expanded_domain,5.243895449016331e-12,0.2866499489885135,-1.1373411723081261e-05,1.5467910698641544e-19
broad_binary,size_only,ML,base,0.0,0.12446339081734195,-1.1373413791981868e-05,3.3832787038430114e-11
broad_binary,size_only,ML,half_dt,1.3500118626409255e-06,0.12446343717734992,-2.8508387887038467e-06,3.4755886491759554e-11
broad_binary,size_only,ML,grid2,0.008812044953625423,0.12384532854521668,-2.850836649304078e-06,1.8371568578373454e-17
broad_binary,size_only,ML,grid4,0.0132061616331838,0.12370540627817535,-7.136458449741312e-07,1.9680911610906403e-29
broad_binary,size_only,ML,expanded_domain,6.485071008004775e-12,0.12446339081817856,-1.1373411723081261e-05,1.9203207687742176e-19
broad_binary,size_only,HL,base,0.0,0.10674996590068327,-1.1373413314919034e-05,2.576493268378212e-11
broad_binary,size_only,HL,half_dt,1.1096088053457876e-06,0.10674954635402181,-2.850838294432556e-06,2.6442423374280985e-11
broad_binary,size_only,HL,grid2,0.008938141652405652,0.10827860851688882,-2.850836649304078e-06,1.3780887094178687e-17
broad_binary,size_only,HL,grid4,0.013367698203425395,0.10952590012189116,-7.136458447520866e-07,1.4711267552114767e-29
broad_binary,size_only,HL,expanded_domain,4.939236726314576e-12,0.10674996590145489,-1.1373411723081261e-05,1.455285590823749e-19
broad_binary,instantaneous,LL,base,0.0,0.28955970985055757,-1.1373413141280153e-05,2.2843408820322482e-11
broad_binary,instantaneous,LL,half_dt,1.0963566809653137e-06,0.289560212040806,-2.8508381136882477e-06,2.3434258788409968e-11
broad_binary,instantaneous,LL,grid2,0.009016769746250057,0.2910893208115075,-2.850836649304078e-06,1.2137107272540502e-17
broad_binary,instantaneous,LL,grid4,0.013555423537119138,0.29201633886347395,-7.13645844530042e-07,1.2936456771110676e-29
broad_binary,instantaneous,LL,expanded_domain,4.37917652595207e-12,0.28955970985089696,-1.1373411723081261e-05,1.2874903385681063e-19
broad_binary,instantaneous,ML,base,0.0,0.12382784725409371,-1.1373413743798189e-05,3.3014377196300355e-11
broad_binary,instantaneous,ML,half_dt,1.3263745881285009e-06,0.12382788604013747,-2.8508387387438106e-06,3.3912181330582746e-11
broad_binary,instantaneous,ML,grid2,0.008825975735787904,0.12324202837613357,-2.850836648859989e-06,1.790281415356268e-17
broad_binary,instantaneous,ML,grid4,0.01322452500943103,0.12311769118788339,-7.13645844530042e-07,1.9172684060498473e-29
broad_binary,instantaneous,ML,expanded_domain,6.328263185447259e-12,0.12382784725491226,-1.1373411723081261e-05,1.8730482309954423e-19
broad_binary,instantaneous,HL,base,0.0,0.11764945452315997,-1.1373412945214767e-05,1.9570526125553406e-11
broad_binary,instantaneous,HL,half_dt,1.1203941197891586e-06,0.11764918075956465,-2.850837910850501e-06,2.0066038238243337e-11
broad_binary,instantaneous,HL,grid2,0.009189573228232916,0.12100552149344224,-2.850836649304078e-06,1.0309614541606496e-17
broad_binary,instantaneous,HL,grid4,0.013801808515902446,0.12287006866168176,-7.136458449741312e-07,1.0966787610532895e-29
broad_binary,instantaneous,HL,expanded_domain,3.752109345722819e-12,0.11764945452378042,-1.1373411723081261e-05,1.0999725558125762e-19
broad_binary,finite_time,LL,base,0.0,0.28925999652719,-1.1373413162929502e-05,2.3185879439119438e-11
broad_binary,finite_time,LL,half_dt,1.2038644101436552e-06,0.28926058422644585,-2.8508381360037305e-06,2.3786706486143382e-11
broad_binary,finite_time,LL,grid2,0.008986375216101504,0.2907616115763586,-2.850836649304078e-06,1.2329637464297692e-17
broad_binary,finite_time,LL,grid4,0.013509996869695765,0.29163835444173425,-7.136458449741312e-07,1.3144268645004966e-29
broad_binary,finite_time,LL,expanded_domain,4.445042764008731e-12,0.2892599965275349,-1.1373411723081261e-05,1.307177333387331e-19
broad_binary,finite_time,ML,base,0.0,0.12382784725409371,-1.1373413743798189e-05,3.3014377196300355e-11
broad_binary,finite_time,ML,half_dt,1.3263745881285009e-06,0.12382788604013747,-2.8508387387438106e-06,3.3912181330582746e-11
broad_binary,finite_time,ML,grid2,0.008825975735787904,0.12324202837613357,-2.850836648859989e-06,1.790281415356268e-17
broad_binary,finite_time,ML,grid4,0.01322452500943103,0.12311769118788339,-7.13645844530042e-07,1.9172684060498473e-29
broad_binary,finite_time,ML,expanded_domain,6.328263185447259e-12,0.12382784725491226,-1.1373411723081261e-05,1.8730482309954423e-19
broad_binary,finite_time,HL,base,0.0,0.11751156718052579,-1.1373412951098949e-05,1.9663989134442184e-11
broad_binary,finite_time,HL,half_dt,1.1865358109794533e-06,0.11751135721845221,-2.85083791706775e-06,2.016214446567116e-11
broad_binary,finite_time,HL,grid2,0.009180319789236797,0.1208285848643936,-2.850836649304078e-06,1.036167932146447e-17
broad_binary,finite_time,HL,grid4,0.013787979402343642,0.12268135738456837,-7.136458449741312e-07,1.1022865078114989e-29
broad_binary,finite_time,HL,expanded_domain,3.770038518319148e-12,0.11751156718114947,-1.1373411722859217e-05,1.1053299944992357e-19
