model,split,n_observations,n_fitted_parameters,rmse_um,mae_um,mean_bias_um,r_squared,log_rss
environmental_state_closure,calibration,9,4,25.880360086835825,22.54600959305179,-1.9527133096467741,0.8130211975201564,0.23951546235727236
environmental_state_closure,unused_design_check,4,4,44.7058548212683,36.22675452756641,7.211019053515344,-0.34639730327268703,1.1110825959470234
environmental_state_closure,all_nonzero_table2,13,4,32.84297274704384,26.75546957290245,0.866896648249262,0.7166785054518323,1.3505980583042956
environmental_state_closure,optimized_prediction,4,4,23.163097243857216,20.125013308389015,2.6047476576805053,0.8650900600327046,0.04237810051588146
uniform_washout_null,calibration,9,3,47.233182968797614,34.10674714305919,-6.1482922702951965,0.3772034892783134,0.6436579489594895
uniform_washout_null,unused_design_check,4,3,61.369676278665004,51.51034332727162,30.50837381973986,-1.5371847422911586,1.380283209174086
uniform_washout_null,all_nonzero_table2,13,3,51.99386859300577,39.46169981512454,5.130681911254052,0.28993375346920935,2.0239411581335753
uniform_washout_null,optimized_prediction,4,3,66.39660624199665,65.7722816866102,-7.68820263538003,-0.10851723917425216,0.3850059850330307
constant_mean_baseline,calibration,9,3,59.85137437410385,52.62661728395061,-1.105288700071267e-14,0.0,1.0749732524584454
constant_mean_baseline,unused_design_check,4,3,74.6379832694511,63.925055555555545,63.925055555555545,-2.7528760312066454,1.897793489764753
constant_mean_baseline,all_nonzero_table2,13,3,64.76169173702904,56.10305982905982,19.66924786324785,-0.10161787539147871,2.9727667422231985
constant_mean_baseline,optimized_prediction,4,3,79.17218411564744,57.30872222222223,-47.86744444444446,-0.5761441704631074,0.4761278155980754
