law,model,held_out,training_tolerance,n_candidates,min_test_TV,max_test_TV,min_tau,max_tau
retained_satellites,size_only,LL,0.005,68,0.14888817274606492,0.2091701459144661,0.0,0.0
retained_satellites,size_only,LL,0.01,99,0.14517320870873207,0.2308269019406522,0.0,0.0
retained_satellites,size_only,ML,0.005,42,0.2194414343539212,0.22419739186798973,0.0,0.0
retained_satellites,size_only,ML,0.01,65,0.2194414343539212,0.2285668461904819,0.0,0.0
retained_satellites,size_only,HL,0.005,41,0.2485052407600778,0.2874918992368467,0.0,0.0
retained_satellites,size_only,HL,0.01,58,0.24414475671414715,0.29861711007765634,0.0,0.0
retained_satellites,instantaneous,LL,0.005,24,0.14302101745648513,0.4169613780168773,0.0,0.0
retained_satellites,instantaneous,LL,0.01,46,0.14280447947119368,0.4605796538946453,0.0,0.0
retained_satellites,instantaneous,ML,0.005,13,0.21959368038625612,0.24625769172646797,0.0,0.0
retained_satellites,instantaneous,ML,0.01,28,0.21959368038625612,0.27361849402017074,0.0,0.0
retained_satellites,instantaneous,HL,0.005,9,0.23662568488707117,0.2695752106133288,0.0,0.0
retained_satellites,instantaneous,HL,0.01,18,0.23662298071156812,0.30414229728700115,0.0,0.0
retained_satellites,finite_time,LL,0.005,20,0.14307476450195955,0.403863826638874,0.3100681139851187,22.956243194386403
retained_satellites,finite_time,LL,0.01,43,0.14116433850918722,0.44802191258320945,0.3025459113757252,24.196789257089808
retained_satellites,finite_time,ML,0.005,17,0.21959368038625612,0.242680809602065,0.3342193328920134,24.196789257089808
retained_satellites,finite_time,ML,0.01,30,0.21959368038625612,0.27361849402017074,0.2663956017213123,24.196789257089808
retained_satellites,finite_time,HL,0.005,13,0.23422174487680847,0.2668669308712068,0.0,22.956243194386403
retained_satellites,finite_time,HL,0.01,26,0.23422174487680847,0.30006937315489346,0.0,24.196789257089808
asymmetric_binary,size_only,LL,0.005,24,0.2640357811079077,0.27284626158781194,0.0,0.0
asymmetric_binary,size_only,LL,0.01,36,0.2636147375137076,0.2763913827581778,0.0,0.0
asymmetric_binary,size_only,ML,0.005,33,0.09695802064228805,0.14469872767501873,0.0,0.0
asymmetric_binary,size_only,ML,0.01,50,0.08735812715783434,0.15808382729240178,0.0,0.0
asymmetric_binary,size_only,HL,0.005,26,0.12952765549365475,0.16695811857340187,0.0,0.0
asymmetric_binary,size_only,HL,0.01,40,0.1258030097717029,0.177095998206338,0.0,0.0
asymmetric_binary,instantaneous,LL,0.005,2,0.28453233643418097,0.3330909259518977,0.0,0.0
asymmetric_binary,instantaneous,LL,0.01,5,0.27408124499522035,0.39526662235084886,0.0,0.0
asymmetric_binary,instantaneous,ML,0.005,4,0.11210397327830109,0.14469872767501873,0.0,0.0
asymmetric_binary,instantaneous,ML,0.01,8,0.10164205982157391,0.16292558729731527,0.0,0.0
asymmetric_binary,instantaneous,HL,0.005,7,0.16156522842709287,0.4104792900331934,0.0,0.0
asymmetric_binary,instantaneous,HL,0.01,12,0.16156522842709287,0.5876071274592467,0.0,0.0
asymmetric_binary,finite_time,LL,0.005,4,0.2740421234881869,0.34915478704909275,1.1390791666327296,28.816204876720352
asymmetric_binary,finite_time,LL,0.01,7,0.2740421234881869,0.4294409498613603,1.1390791666327296,28.816204876720352
asymmetric_binary,finite_time,ML,0.005,6,0.10164205982157391,0.14469872767501873,0.0,18.552601590178178
asymmetric_binary,finite_time,ML,0.01,13,0.08807357365271333,0.16292558729731527,0.0,29.6727732986415
asymmetric_binary,finite_time,HL,0.005,9,0.1572716837560664,0.3816900899347716,0.35232025076534096,25.104025963160304
asymmetric_binary,finite_time,HL,0.01,15,0.1258657587487907,0.582569130420808,0.0,25.104025963160304
broad_binary,size_only,LL,0.005,30,0.28474654967242985,0.2923683736545488,0.0,0.0
broad_binary,size_only,LL,0.01,40,0.28474654967242985,0.29475187373533374,0.0,0.0
broad_binary,size_only,ML,0.005,31,0.11754489521341185,0.14098626279717422,0.0,0.0
broad_binary,size_only,ML,0.01,44,0.11532540759060086,0.15158540354365674,0.0,0.0
broad_binary,size_only,HL,0.005,35,0.10273653159388166,0.1256058143635916,0.0,0.0
broad_binary,size_only,HL,0.01,51,0.10273653159388166,0.13932272812355087,0.0,0.0
broad_binary,instantaneous,LL,0.005,4,0.2847850336159553,0.34242998405922404,0.0,0.0
broad_binary,instantaneous,LL,0.01,7,0.2847850336159553,0.39775047106665373,0.0,0.0
broad_binary,instantaneous,ML,0.005,5,0.1196783037685099,0.15913011798872193,0.0,0.0
broad_binary,instantaneous,ML,0.01,11,0.11532540759060086,0.2076101698659395,0.0,0.0
broad_binary,instantaneous,HL,0.005,12,0.10274920251506038,0.49330017437149626,0.0,0.0
broad_binary,instantaneous,HL,0.01,25,0.10274920251506038,0.6334221632173002,0.0,0.0
broad_binary,finite_time,LL,0.005,7,0.284785832758141,0.4246943569999154,0.3025459113757252,22.956243194386403
broad_binary,finite_time,LL,0.01,11,0.284785832758141,0.4246943569999154,0.3025459113757252,22.956243194386403
broad_binary,finite_time,ML,0.005,6,0.1196783037685099,0.15913011798872193,0.3025459113757252,15.475006360476046
broad_binary,finite_time,ML,0.01,12,0.11532540759060086,0.2076101698659395,0.0,23.277506986432748
broad_binary,finite_time,HL,0.005,14,0.10262922057935371,0.3982365147209347,0.2806239757536075,27.51799627144135
broad_binary,finite_time,HL,0.01,27,0.10262922057935371,0.6114613873860792,0.0,29.6727732986415
