law,growth,model,held_out,material_relative_error,minimum_population,max_top_pivot_material_fraction,max_suppressed_bio_material_fraction
retained_satellites,0.07,size_only,LL,-1.1373413530191279e-05,0.0,2.3287537261588675e-10,2.6151664669301058e-05
retained_satellites,0.07,size_only,ML,-1.137341279777715e-05,0.0,2.3287537261588675e-10,2.6151664669301058e-05
retained_satellites,0.07,size_only,HL,-1.1373412489912305e-05,0.0,2.3287537261588675e-10,2.6151664669301058e-05
retained_satellites,0.07,instantaneous,LL,-1.1373411909709752e-05,0.0,2.415506509173355e-10,0.00046715134044345794
retained_satellites,0.07,instantaneous,ML,-1.1373413555171297e-05,0.0,2.3287537261588675e-10,2.6151664669301058e-05
retained_satellites,0.07,instantaneous,HL,-1.1373413538739996e-05,0.0,2.4148879489537434e-10,0.00037379326915256756
retained_satellites,0.07,finite_time,LL,-1.137341175772022e-05,0.0,2.412667029634787e-10,0.00044065358643035084
retained_satellites,0.07,finite_time,ML,-1.1373413861148762e-05,0.0,2.3287537261588675e-10,2.6151664669301058e-05
retained_satellites,0.07,finite_time,HL,-1.1373413513093844e-05,0.0,2.410898983705419e-10,0.00035786470286873517
asymmetric_binary,0.07,size_only,LL,-1.1373412131532312e-05,0.0,2.3287537261588856e-10,3.7429957576320815e-16
asymmetric_binary,0.07,size_only,ML,-1.1373412504345204e-05,0.0,2.3287537261588856e-10,3.7429957576320815e-16
asymmetric_binary,0.07,size_only,HL,-1.1373412060144972e-05,0.0,2.3287537261588856e-10,3.7429957576320815e-16
asymmetric_binary,0.07,instantaneous,LL,-1.1373411745618789e-05,0.0,2.415506509173359e-10,7.847395715198144e-13
asymmetric_binary,0.07,instantaneous,ML,-1.1373412461379573e-05,0.0,2.3287537261588856e-10,3.7429957576320815e-16
asymmetric_binary,0.07,instantaneous,HL,-1.1373411934911815e-05,0.0,2.4148879489537465e-10,4.574411515362272e-13
asymmetric_binary,0.07,finite_time,LL,-1.1373411753279328e-05,0.0,2.4126670296347894e-10,6.419678501701601e-13
asymmetric_binary,0.07,finite_time,ML,-1.1373412461379573e-05,0.0,2.3287537261588856e-10,3.7429957576320815e-16
asymmetric_binary,0.07,finite_time,HL,-1.137341180212914e-05,0.0,2.410898983705423e-10,3.933018822749191e-13
broad_binary,0.07,size_only,LL,-1.1373413409510036e-05,0.0,2.2915926041363885e-10,2.109021291535009e-20
broad_binary,0.07,size_only,ML,-1.1373413791981868e-05,0.0,2.2915926041363885e-10,2.109021291535009e-20
broad_binary,0.07,size_only,HL,-1.1373413314919034e-05,0.0,2.2915926041363885e-10,2.109021291535009e-20
broad_binary,0.07,instantaneous,LL,-1.1373413141280153e-05,0.0,2.409661069866408e-10,3.3554208724882397e-16
broad_binary,0.07,instantaneous,ML,-1.1373413743798189e-05,0.0,2.2915926041363885e-10,2.109021291535009e-20
broad_binary,0.07,instantaneous,HL,-1.1373412945436812e-05,0.0,2.408813468937853e-10,1.6473128755951764e-16
broad_binary,0.07,finite_time,LL,-1.1373413162485413e-05,0.0,2.405734283263744e-10,2.5740086722137166e-16
broad_binary,0.07,finite_time,ML,-1.1373413743798189e-05,0.0,2.2915926041363885e-10,2.109021291535009e-20
broad_binary,0.07,finite_time,HL,-1.1373412951320994e-05,0.0,2.4032980789557535e-10,1.3511484761612676e-16
retained_satellites,0.0,size_only,LL,0.0,0.0,0.0,7.803865840784024e-05
retained_satellites,0.0,size_only,ML,0.0,0.0,0.0,7.803865840784024e-05
retained_satellites,0.0,size_only,HL,-1.1102230246251565e-16,0.0,0.0,7.803865840784024e-05
retained_satellites,0.0,instantaneous,LL,0.0,0.0,0.0,0.0011852148363328942
retained_satellites,0.0,instantaneous,ML,0.0,0.0,0.0,7.803865840784024e-05
retained_satellites,0.0,instantaneous,HL,2.220446049250313e-16,0.0,0.0,0.0009668173329079027
retained_satellites,0.0,finite_time,LL,-1.1102230246251565e-16,0.0,0.0,0.0010966951460531639
retained_satellites,0.0,finite_time,ML,2.220446049250313e-16,0.0,0.0,7.803865840784024e-05
retained_satellites,0.0,finite_time,HL,0.0,0.0,0.0,0.0009122036357997547
asymmetric_binary,0.0,size_only,LL,0.0,0.0,0.0,3.890635311560508e-15
asymmetric_binary,0.0,size_only,ML,0.0,0.0,0.0,3.890635311560508e-15
asymmetric_binary,0.0,size_only,HL,-1.1102230246251565e-16,0.0,0.0,3.890635311560508e-15
asymmetric_binary,0.0,instantaneous,LL,-2.220446049250313e-16,0.0,0.0,8.145749847742664e-12
asymmetric_binary,0.0,instantaneous,ML,0.0,0.0,0.0,3.890635311560508e-15
asymmetric_binary,0.0,instantaneous,HL,-1.1102230246251565e-16,0.0,0.0,4.786814747143897e-12
asymmetric_binary,0.0,finite_time,LL,0.0,0.0,0.0,6.644440877283868e-12
asymmetric_binary,0.0,finite_time,ML,-1.1102230246251565e-16,0.0,0.0,3.890635311560508e-15
asymmetric_binary,0.0,finite_time,HL,0.0,0.0,0.0,4.105380658730867e-12
broad_binary,0.0,size_only,LL,-1.1102230246251565e-16,0.0,0.0,4.812855940182638e-18
broad_binary,0.0,size_only,ML,-1.1102230246251565e-16,0.0,0.0,4.812855940182638e-18
broad_binary,0.0,size_only,HL,2.220446049250313e-16,0.0,0.0,4.812855940182638e-18
broad_binary,0.0,instantaneous,LL,-1.1102230246251565e-16,0.0,0.0,2.49116354265769e-14
broad_binary,0.0,instantaneous,ML,-1.1102230246251565e-16,0.0,0.0,4.812855940182638e-18
broad_binary,0.0,instantaneous,HL,-4.440892098500626e-16,0.0,0.0,1.3219303709192257e-14
broad_binary,0.0,finite_time,LL,-1.1102230246251565e-16,0.0,0.0,1.9525483399249142e-14
broad_binary,0.0,finite_time,ML,-1.1102230246251565e-16,0.0,0.0,4.812855940182638e-18
broad_binary,0.0,finite_time,HL,2.220446049250313e-16,0.0,0.0,1.1022165815831905e-14
retained_satellites,0.06,size_only,LL,-7.167652131045976e-06,0.0,5.54031227095964e-12,3.065889272476754e-05
retained_satellites,0.06,size_only,ML,-7.1676520966290624e-06,0.0,5.54031227095964e-12,3.065889272476754e-05
retained_satellites,0.06,size_only,HL,-7.167652088635457e-06,0.0,5.54031227095964e-12,3.065889272476754e-05
retained_satellites,0.06,instantaneous,LL,-7.167652072315178e-06,0.0,5.760021691970616e-12,0.0005321498002604446
retained_satellites,0.06,instantaneous,ML,-7.167652102846311e-06,0.0,5.54031227095964e-12,3.065889272476754e-05
retained_satellites,0.06,instantaneous,HL,-7.167652152029191e-06,0.0,5.758453301594836e-12,0.00042733591798140046
retained_satellites,0.06,finite_time,LL,-7.167652072093134e-06,0.0,5.752805879725826e-12,0.0005008014907675962
retained_satellites,0.06,finite_time,ML,-7.167652111395029e-06,0.0,5.54031227095964e-12,3.065889272476754e-05
retained_satellites,0.06,finite_time,HL,-7.167652142703318e-06,0.0,5.748316695563976e-12,0.00040841903620638656
asymmetric_binary,0.06,size_only,LL,-7.167652082085141e-06,0.0,5.540312270959639e-12,6.379440733112158e-16
asymmetric_binary,0.06,size_only,ML,-7.167652093409416e-06,0.0,5.540312270959639e-12,6.379440733112158e-16
asymmetric_binary,0.06,size_only,HL,-7.167652081419007e-06,0.0,5.540312270959639e-12,6.379440733112158e-16
asymmetric_binary,0.06,instantaneous,LL,-7.1676520735364235e-06,0.0,5.760021691970618e-12,1.3805447337687304e-12
asymmetric_binary,0.06,instantaneous,ML,-7.167652094519639e-06,0.0,5.540312270959639e-12,6.379440733112158e-16
asymmetric_binary,0.06,instantaneous,HL,-7.1676520735364235e-06,0.0,5.758453301594837e-12,8.074730352595596e-13
asymmetric_binary,0.06,finite_time,LL,-7.167652072204156e-06,0.0,5.7528058797258214e-12,1.1301612918135208e-12
asymmetric_binary,0.06,finite_time,ML,-7.167652094519639e-06,0.0,5.540312270959639e-12,6.379440733112158e-16
asymmetric_binary,0.06,finite_time,HL,-7.1676520735364235e-06,0.0,5.748316695563976e-12,6.945531074852553e-13
broad_binary,0.06,size_only,LL,-7.167652118278411e-06,0.0,5.462375482423338e-12,4.133879407040707e-20
broad_binary,0.06,size_only,ML,-7.167652125161794e-06,0.0,5.462375482423338e-12,4.133879407040707e-20
broad_binary,0.06,size_only,HL,-7.167652113504452e-06,0.0,5.462375482423338e-12,4.133879407040707e-20
broad_binary,0.06,instantaneous,LL,-7.16765210517778e-06,0.0,5.74774420384912e-12,6.169979663992277e-16
broad_binary,0.06,instantaneous,ML,-7.167652118278411e-06,0.0,5.462375482423338e-12,4.133879407040707e-20
broad_binary,0.06,instantaneous,HL,-7.167652076311981e-06,0.0,5.745694878323512e-12,3.0565040400301064e-16
broad_binary,0.06,finite_time,LL,-7.16765210806436e-06,0.0,5.738242903886286e-12,4.743352512482686e-16
broad_binary,0.06,finite_time,ML,-7.167652118278411e-06,0.0,5.462375482423338e-12,4.133879407040707e-20
broad_binary,0.06,finite_time,HL,-7.167652084638654e-06,0.0,5.732349902578787e-12,2.511009483353795e-16
retained_satellites,0.08,size_only,LL,-1.6964488053439197e-05,0.0,4.7560536925641636e-09,2.165798496873471e-05
retained_satellites,0.08,size_only,ML,-1.696447222043762e-05,0.0,4.7560536925641636e-09,2.165798496873471e-05
retained_satellites,0.08,size_only,HL,-1.696446580867761e-05,0.0,4.7560536925641636e-09,2.165798496873471e-05
retained_satellites,0.08,instantaneous,LL,-1.6964451535317338e-05,0.0,4.922103529296522e-09,0.00041053759652886915
retained_satellites,0.08,instantaneous,ML,-1.696448013555063e-05,0.0,4.7560536925641636e-09,2.165798496873471e-05
retained_satellites,0.08,instantaneous,HL,-1.6964501326044434e-05,0.0,4.920920923565435e-09,0.0003272222292911661
retained_satellites,0.08,finite_time,LL,-1.6964452037693256e-05,0.0,4.916688043366954e-09,0.00038812973876382374
retained_satellites,0.08,finite_time,ML,-1.6964492632109973e-05,0.0,4.7560536925641636e-09,2.165798496873471e-05
retained_satellites,0.08,finite_time,HL,-1.6964500634708557e-05,0.0,4.91331288286757e-09,0.0003138061254308188
asymmetric_binary,0.08,size_only,LL,-1.6964458111723424e-05,0.0,4.7560536925648005e-09,2.0914020771035436e-16
asymmetric_binary,0.08,size_only,ML,-1.6964464573665516e-05,0.0,4.7560536925648005e-09,2.0914020771035436e-16
asymmetric_binary,0.08,size_only,HL,-1.696445638676991e-05,0.0,4.7560536925648005e-09,2.0914020771035436e-16
asymmetric_binary,0.08,instantaneous,LL,-1.6964450780587725e-05,0.0,4.922103529296619e-09,4.519046874263621e-13
asymmetric_binary,0.08,instantaneous,ML,-1.6964472220992732e-05,0.0,4.7560536925648005e-09,2.0914020771035436e-16
asymmetric_binary,0.08,instantaneous,HL,-1.6964455774926e-05,0.0,4.920920923565532e-09,2.643735501821016e-13
asymmetric_binary,0.08,finite_time,LL,-1.6964451212686527e-05,0.0,4.916688043367084e-09,3.5964096703698814e-13
asymmetric_binary,0.08,finite_time,ML,-1.6964462661750446e-05,0.0,4.7560536925648005e-09,2.0914020771035436e-16
asymmetric_binary,0.08,finite_time,HL,-1.6964455802570555e-05,0.0,4.913312882867709e-09,2.2152903654001102e-13
broad_binary,0.08,size_only,LL,-1.69644821863546e-05,0.0,4.672005559429783e-09,1.0583677203411117e-20
broad_binary,0.08,size_only,ML,-1.6964488416038037e-05,0.0,4.672005559429783e-09,1.0583677203411117e-20
broad_binary,0.08,size_only,HL,-1.69644792796797e-05,0.0,4.672005559429783e-09,1.0583677203411117e-20
broad_binary,0.08,instantaneous,LL,-1.6964487660198202e-05,0.0,4.908902517806943e-09,1.822640271956764e-16
broad_binary,0.08,instantaneous,ML,-1.6964484802817204e-05,0.0,4.672005559429783e-09,1.0583677203411117e-20
broad_binary,0.08,instantaneous,HL,-1.6964458760648782e-05,0.0,4.9072025159350875e-09,8.87096916821612e-17
broad_binary,0.08,finite_time,LL,-1.6964460326951425e-05,0.0,4.9010339434275335e-09,1.395388435510935e-16
broad_binary,0.08,finite_time,ML,-1.6964484802817204e-05,0.0,4.672005559429783e-09,1.0583677203411117e-20
broad_binary,0.08,finite_time,HL,-1.696446108034877e-05,0.0,4.8961505449649744e-09,7.265527556586215e-17
