panel,preculture_irradiance_klx,lighted_volume_percent,days,volume_averaged_diameter_mm,source,figure,digitization_note
a,3,5,0,0.15,Zhang and Kojima (1998),5a,Approximate manual digitization from 600-dpi rasterized published figure
a,3,5,4,0.075,Zhang and Kojima (1998),5a,Approximate manual digitization from 600-dpi rasterized published figure
a,3,5,8,0.073,Zhang and Kojima (1998),5a,Approximate manual digitization from 600-dpi rasterized published figure
a,3,5,12,0.05,Zhang and Kojima (1998),5a,Approximate manual digitization from 600-dpi rasterized published figure
a,3,5,16,0.05,Zhang and Kojima (1998),5a,Approximate manual digitization from 600-dpi rasterized published figure
a,3,5,21,0.05,Zhang and Kojima (1998),5a,Approximate manual digitization from 600-dpi rasterized published figure
a,3,25,0,0.15,Zhang and Kojima (1998),5a,Approximate manual digitization from 600-dpi rasterized published figure
a,3,25,4,0.145,Zhang and Kojima (1998),5a,Approximate manual digitization from 600-dpi rasterized published figure
a,3,25,8,0.078,Zhang and Kojima (1998),5a,Approximate manual digitization from 600-dpi rasterized published figure
a,3,25,12,0.063,Zhang and Kojima (1998),5a,Approximate manual digitization from 600-dpi rasterized published figure
a,3,25,16,0.055,Zhang and Kojima (1998),5a,Approximate manual digitization from 600-dpi rasterized published figure
a,3,25,21,0.06,Zhang and Kojima (1998),5a,Approximate manual digitization from 600-dpi rasterized published figure
a,3,50,0,0.15,Zhang and Kojima (1998),5a,Approximate manual digitization from 600-dpi rasterized published figure
a,3,50,4,0.14,Zhang and Kojima (1998),5a,Approximate manual digitization from 600-dpi rasterized published figure
a,3,50,8,0.175,Zhang and Kojima (1998),5a,Approximate manual digitization from 600-dpi rasterized published figure
a,3,50,12,0.095,Zhang and Kojima (1998),5a,Approximate manual digitization from 600-dpi rasterized published figure
a,3,50,16,0.1,Zhang and Kojima (1998),5a,Approximate manual digitization from 600-dpi rasterized published figure
a,3,50,21,0.105,Zhang and Kojima (1998),5a,Approximate manual digitization from 600-dpi rasterized published figure
a,3,100,0,0.15,Zhang and Kojima (1998),5a,Approximate manual digitization from 600-dpi rasterized published figure
a,3,100,4,0.198,Zhang and Kojima (1998),5a,Approximate manual digitization from 600-dpi rasterized published figure
a,3,100,8,0.17,Zhang and Kojima (1998),5a,Approximate manual digitization from 600-dpi rasterized published figure
a,3,100,12,0.17,Zhang and Kojima (1998),5a,Approximate manual digitization from 600-dpi rasterized published figure
a,3,100,16,0.2,Zhang and Kojima (1998),5a,Approximate manual digitization from 600-dpi rasterized published figure
a,3,100,21,0.198,Zhang and Kojima (1998),5a,Approximate manual digitization from 600-dpi rasterized published figure
b,10,5,0,0.07,Zhang and Kojima (1998),5b,Approximate manual digitization from 600-dpi rasterized published figure
b,10,5,5,0.052,Zhang and Kojima (1998),5b,Approximate manual digitization from 600-dpi rasterized published figure
b,10,5,9,0.043,Zhang and Kojima (1998),5b,Approximate manual digitization from 600-dpi rasterized published figure
b,10,5,13,0.045,Zhang and Kojima (1998),5b,Approximate manual digitization from 600-dpi rasterized published figure
b,10,5,18,0.044,Zhang and Kojima (1998),5b,Approximate manual digitization from 600-dpi rasterized published figure
b,10,5,25,0.046,Zhang and Kojima (1998),5b,Approximate manual digitization from 600-dpi rasterized published figure
b,10,25,0,0.07,Zhang and Kojima (1998),5b,Approximate manual digitization from 600-dpi rasterized published figure
b,10,25,5,0.098,Zhang and Kojima (1998),5b,Approximate manual digitization from 600-dpi rasterized published figure
b,10,25,9,0.132,Zhang and Kojima (1998),5b,Approximate manual digitization from 600-dpi rasterized published figure
b,10,25,13,0.055,Zhang and Kojima (1998),5b,Approximate manual digitization from 600-dpi rasterized published figure
b,10,25,18,0.05,Zhang and Kojima (1998),5b,Approximate manual digitization from 600-dpi rasterized published figure
b,10,25,25,0.052,Zhang and Kojima (1998),5b,Approximate manual digitization from 600-dpi rasterized published figure
b,10,50,0,0.07,Zhang and Kojima (1998),5b,Approximate manual digitization from 600-dpi rasterized published figure
b,10,50,5,0.155,Zhang and Kojima (1998),5b,Approximate manual digitization from 600-dpi rasterized published figure
b,10,50,9,0.164,Zhang and Kojima (1998),5b,Approximate manual digitization from 600-dpi rasterized published figure
b,10,50,13,0.1,Zhang and Kojima (1998),5b,Approximate manual digitization from 600-dpi rasterized published figure
b,10,50,18,0.064,Zhang and Kojima (1998),5b,Approximate manual digitization from 600-dpi rasterized published figure
b,10,50,25,0.063,Zhang and Kojima (1998),5b,Approximate manual digitization from 600-dpi rasterized published figure
b,10,100,0,0.07,Zhang and Kojima (1998),5b,Approximate manual digitization from 600-dpi rasterized published figure
b,10,100,5,0.14,Zhang and Kojima (1998),5b,Approximate manual digitization from 600-dpi rasterized published figure
b,10,100,9,0.19,Zhang and Kojima (1998),5b,Approximate manual digitization from 600-dpi rasterized published figure
b,10,100,13,0.23,Zhang and Kojima (1998),5b,Approximate manual digitization from 600-dpi rasterized published figure
b,10,100,18,0.235,Zhang and Kojima (1998),5b,Approximate manual digitization from 600-dpi rasterized published figure
b,10,100,25,0.14,Zhang and Kojima (1998),5b,Approximate manual digitization from 600-dpi rasterized published figure
